Pierette,Hutchison,16577108,Pierette.Hutchison@college.harvard.edu,0
Jaclyn,Flita,18705071,Jaclyn.Flita@college.harvard.edu,0
Yetty,Monaco,14071918,Yetty.Monaco@college.harvard.edu,0
Rozele,Wilkinson,15118764,Rozele.Wilkinson@college.harvard.edu,0
Jenilee,Vastah,11949445,Jenilee.Vastah@college.harvard.edu,0
Wynne,Baylor,12487005,Wynne.Baylor@college.harvard.edu,0
Fina,Himelman,16919718,Fina.Himelman@college.harvard.edu,0
Maridel,Madaih,10107444,Maridel.Madaih@college.harvard.edu,0
Isa,Suanne,10263083,Isa.Suanne@college.harvard.edu,0
Ann-Marie,Sherrie,13813311,Ann-Marie.Sherrie@college.harvard.edu,0
Carol-Jean,Elsinore,13442638,Carol-Jean.Elsinore@college.harvard.edu,0
Averyl,Dorine,18551575,Averyl.Dorine@college.harvard.edu,0
Zia,Jillane,11583059,Zia.Jillane@college.harvard.edu,0
Ronna,Waldron,17957371,Ronna.Waldron@college.harvard.edu,0
Christy,Iiette,13392284,Christy.Iiette@college.harvard.edu,0
Annecorinne,Jerald,14448714,Annecorinne.Jerald@college.harvard.edu,0
Daune,Lewes,13258951,Daune.Lewes@college.harvard.edu,0
Roseline,Belanger,13040203,Roseline.Belanger@college.harvard.edu,0
Josephine,Chaing,10018430,Josephine.Chaing@college.harvard.edu,0
Cordi,Bronk,13062118,Cordi.Bronk@college.harvard.edu,0
Paola,Burnside,16692120,Paola.Burnside@college.harvard.edu,0
Jobi,Gusella,15831002,Jobi.Gusella@college.harvard.edu,0
Averyl,Fredi,10926797,Averyl.Fredi@college.harvard.edu,0
Charlena,Saint,18206509,Charlena.Saint@college.harvard.edu,0
Estell,Swanhildas,15322491,Estell.Swanhildas@college.harvard.edu,0
Rosanne,Graig,13501056,Rosanne.Graig@college.harvard.edu,0
Amalie,Jena,15711842,Amalie.Jena@college.harvard.edu,0
Alia,Wenoa,13934131,Alia.Wenoa@college.harvard.edu,0
Linzy,Maribeth,18033621,Linzy.Maribeth@college.harvard.edu,0
Aurelie,Ortrude,10158974,Aurelie.Ortrude@college.harvard.edu,0
Silvana,McClimans,11514978,Silvana.McClimans@college.harvard.edu,0
Tori,Emmaline,14764368,Tori.Emmaline@college.harvard.edu,0
Edyth,Concha,19745556,Edyth.Concha@college.harvard.edu,0
Gilda,Gillan,14094779,Gilda.Gillan@college.harvard.edu,0
Katleen,Norvol,16415829,Katleen.Norvol@college.harvard.edu,0
Lesly,Serilda,14253166,Lesly.Serilda@college.harvard.edu,0
Sashenka,Dudley,19374537,Sashenka.Dudley@college.harvard.edu,0
Nyssa,Lorain,11661745,Nyssa.Lorain@college.harvard.edu,0
Zaria,Hollingsworth,18200710,Zaria.Hollingsworth@college.harvard.edu,0
Doralynne,Baylor,14077800,Doralynne.Baylor@college.harvard.edu,0
Beverley,Wooster,12413095,Beverley.Wooster@college.harvard.edu,0
Teriann,Dorcy,17891433,Teriann.Dorcy@college.harvard.edu,0
Eolanda,Elvyn,14220399,Eolanda.Elvyn@college.harvard.edu,0
Roz,Magnolia,13477994,Roz.Magnolia@college.harvard.edu,0
Gwyneth,Juliet,13474778,Gwyneth.Juliet@college.harvard.edu,0
Gerrie,Taam,12137298,Gerrie.Taam@college.harvard.edu,0
Farrah,Persse,15121382,Farrah.Persse@college.harvard.edu,0
Sadie,Guildroy,13973494,Sadie.Guildroy@college.harvard.edu,0
Georgina,Norrie,16152376,Georgina.Norrie@college.harvard.edu,0
Tersina,Maisey,18234618,Tersina.Maisey@college.harvard.edu,0
Karina,Septima,10705116,Karina.Septima@college.harvard.edu,0
Odessa,Fredi,18714567,Odessa.Fredi@college.harvard.edu,0
Celestyna,Bennie,18135448,Celestyna.Bennie@college.harvard.edu,0
Jere,Toffic,11539889,Jere.Toffic@college.harvard.edu,0
Emilia,Lipson,14973202,Emilia.Lipson@college.harvard.edu,0
Cindelyn,Ferrell,18675179,Cindelyn.Ferrell@college.harvard.edu,0
Yvonne,Saint,10591751,Yvonne.Saint@college.harvard.edu,0
Dorene,Bobbee,19203569,Dorene.Bobbee@college.harvard.edu,0
Trixi,Gregrory,12849347,Trixi.Gregrory@college.harvard.edu,0
Gilda,Japeth,12094028,Gilda.Japeth@college.harvard.edu,0
Cindelyn,Jobi,13147912,Cindelyn.Jobi@college.harvard.edu,0
Fina,Hull,16052461,Fina.Hull@college.harvard.edu,0
Cyb,Dalli,12315198,Cyb.Dalli@college.harvard.edu,0
Jaclyn,Brodench,14834037,Jaclyn.Brodench@college.harvard.edu,0
Yetty,Charity,15001904,Yetty.Charity@college.harvard.edu,0
Karlee,Chick,10054746,Karlee.Chick@college.harvard.edu,0
Kaia,Lesley,19768676,Kaia.Lesley@college.harvard.edu,0
Stacey,Han,11834426,Stacey.Han@college.harvard.edu,0
Corina,Podvin,13673860,Corina.Podvin@college.harvard.edu,0
Calla,Braun,13285924,Calla.Braun@college.harvard.edu,0
Nita,Millda,17507062,Nita.Millda@college.harvard.edu,0
Dede,Nerita,11300933,Dede.Nerita@college.harvard.edu,0
Leanna,Arley,10058655,Leanna.Arley@college.harvard.edu,0
Jeanna,Ovid,14674361,Jeanna.Ovid@college.harvard.edu,0
Margette,Daegal,14013879,Margette.Daegal@college.harvard.edu,0
Christian,Merell,12367027,Christian.Merell@college.harvard.edu,0
Antonietta,Lissi,18580384,Antonietta.Lissi@college.harvard.edu,0
Rhoda,Kronfeld,17953085,Rhoda.Kronfeld@college.harvard.edu,0
Lesly,Alarise,18875378,Lesly.Alarise@college.harvard.edu,0
Betta,Naashom,19879757,Betta.Naashom@college.harvard.edu,0
Jolyn,Avi,17367646,Jolyn.Avi@college.harvard.edu,0
Xylina,Gemini,15508561,Xylina.Gemini@college.harvard.edu,0
Cecile,Magnolia,18239892,Cecile.Magnolia@college.harvard.edu,0
Lilith,Fax,16841537,Lilith.Fax@college.harvard.edu,0
Lanna,Thunell,18150730,Lanna.Thunell@college.harvard.edu,0
Kore,Dreda,11901674,Kore.Dreda@college.harvard.edu,0
Andree,Vittoria,15564574,Andree.Vittoria@college.harvard.edu,0
Dorthy,Dash,19938733,Dorthy.Dash@college.harvard.edu,0
Jsandye,Cristi,14216275,Jsandye.Cristi@college.harvard.edu,0
Estell,Magdalen,11074940,Estell.Magdalen@college.harvard.edu,0
Violet,Fabiola,14152715,Violet.Fabiola@college.harvard.edu,0
Berget,Garek,15716707,Berget.Garek@college.harvard.edu,0
Collen,Ferrell,17057825,Collen.Ferrell@college.harvard.edu,0
Hermione,Garek,18831561,Hermione.Garek@college.harvard.edu,0
Cecile,Obed,15245497,Cecile.Obed@college.harvard.edu,0
Pierette,Belanger,17820258,Pierette.Belanger@college.harvard.edu,0
Danika,Ochs,10456197,Danika.Ochs@college.harvard.edu,0
Zondra,Kazimir,18680396,Zondra.Kazimir@college.harvard.edu,0
Kassey,Regan,17587880,Kassey.Regan@college.harvard.edu,0
Wileen,O'Rourke,11201153,Wileen.O'Rourke@college.harvard.edu,0
Konstance,MacIntosh,10379189,Konstance.MacIntosh@college.harvard.edu,0
Hallie,Goddard,13455127,Hallie.Goddard@college.harvard.edu,0
Lila,Blake,11701579,Lila.Blake@college.harvard.edu,0
Olivette,Atonsah,12312854,Olivette.Atonsah@college.harvard.edu,0
Jenilee,Kalinda,14007845,Jenilee.Kalinda@college.harvard.edu,0
Zondra,Ellord,13839371,Zondra.Ellord@college.harvard.edu,0
Wanda,Kress,16063388,Wanda.Kress@college.harvard.edu,0
Andree,Vernier,10832310,Andree.Vernier@college.harvard.edu,0
Johna,Gladstone,15783136,Johna.Gladstone@college.harvard.edu,0
Jeanna,Oster,12199161,Jeanna.Oster@college.harvard.edu,0
Olwen,Izaak,13169686,Olwen.Izaak@college.harvard.edu,0
Alleen,Dex,18465298,Alleen.Dex@college.harvard.edu,0
Merle,Goerke,18805793,Merle.Goerke@college.harvard.edu,0
Carolina,Wadell,19549229,Carolina.Wadell@college.harvard.edu,0
Flo,Linehan,17929526,Flo.Linehan@college.harvard.edu,0
Kerrin,Kylander,18893630,Kerrin.Kylander@college.harvard.edu,0
Elora,Kussell,14592414,Elora.Kussell@college.harvard.edu,0
June,Helfand,12262469,June.Helfand@college.harvard.edu,0
Corry,Callista,14474055,Corry.Callista@college.harvard.edu,0
Mariele,Poppy,19183577,Mariele.Poppy@college.harvard.edu,0
Talya,Merat,12561314,Talya.Merat@college.harvard.edu,0
Shaylyn,Astra,15744819,Shaylyn.Astra@college.harvard.edu,0
Courtnay,Erminia,13321519,Courtnay.Erminia@college.harvard.edu,0
Perry,Koziara,12254219,Perry.Koziara@college.harvard.edu,0
Jessamyn,Jacobah,11089890,Jessamyn.Jacobah@college.harvard.edu,0
Kimberley,Newell,12425127,Kimberley.Newell@college.harvard.edu,0
Chandra,Weide,11988391,Chandra.Weide@college.harvard.edu,0
Tomasina,Caitlin,14173866,Tomasina.Caitlin@college.harvard.edu,0
Arabel,Anton,17609591,Arabel.Anton@college.harvard.edu,0
Audrie,Baptlsta,14111226,Audrie.Baptlsta@college.harvard.edu,0
Elbertina,Pattin,10850180,Elbertina.Pattin@college.harvard.edu,0
Clarice,Philoo,14558528,Clarice.Philoo@college.harvard.edu,0
Talya,Lynn,15487456,Talya.Lynn@college.harvard.edu,0
Ileana,Eno,15411773,Ileana.Eno@college.harvard.edu,0
Lynde,Olympium,11052779,Lynde.Olympium@college.harvard.edu,0
Melanie,Chinua,14492121,Melanie.Chinua@college.harvard.edu,0
Jsandye,Raseda,10487563,Jsandye.Raseda@college.harvard.edu,0
Althea,Deegan,12802873,Althea.Deegan@college.harvard.edu,0
Sidoney,Etom,11008621,Sidoney.Etom@college.harvard.edu,0
Gretal,Muriel,17593926,Gretal.Muriel@college.harvard.edu,0
