Evita,Whittaker,16942112,Evita.Whittaker@college.harvard.edu,0
Zondra,Cadmar,12486497,Zondra.Cadmar@college.harvard.edu,0
Bertine,Merell,19533403,Bertine.Merell@college.harvard.edu,0
Jenilee,Vastah,11949445,Jenilee.Vastah@college.harvard.edu,0
Ana,Scammon,10701460,Ana.Scammon@college.harvard.edu,0
Kaia,Cavan,19395700,Kaia.Cavan@college.harvard.edu,0
Lanae,Nore,12433872,Lanae.Nore@college.harvard.edu,0
Anestassia,Hathaway,19894017,Anestassia.Hathaway@college.harvard.edu,0
Kassey,Screens,16344805,Kassey.Screens@college.harvard.edu,0
Dode,Clywd,11331372,Dode.Clywd@college.harvard.edu,0
Myriam,Sinegold,15041739,Myriam.Sinegold@college.harvard.edu,0
Willetta,Lay,10596364,Willetta.Lay@college.harvard.edu,0
Nicoli,Rugen,11798238,Nicoli.Rugen@college.harvard.edu,0
Natka,Zenas,17293652,Natka.Zenas@college.harvard.edu,0
Aigneis,Zeeba,15499848,Aigneis.Zeeba@college.harvard.edu,0
Jasmina,Wattenberg,18112106,Jasmina.Wattenberg@college.harvard.edu,0
Nerta,Maroney,14711834,Nerta.Maroney@college.harvard.edu,0
Priscilla,Vale,13265824,Priscilla.Vale@college.harvard.edu,0
Althea,Ingra,14546027,Althea.Ingra@college.harvard.edu,0
Rosanne,Pierette,14774090,Rosanne.Pierette@college.harvard.edu,0
Siana,Annice,13442797,Siana.Annice@college.harvard.edu,0
Tabbatha,Nore,18599543,Tabbatha.Nore@college.harvard.edu,0
Annecorinne,Marijo,15561593,Annecorinne.Marijo@college.harvard.edu,0
Adriana,McClimans,16487544,Adriana.McClimans@college.harvard.edu,0
Alleen,Rosemary,10161183,Alleen.Rosemary@college.harvard.edu,0
Rozele,Cleavland,15945516,Rozele.Cleavland@college.harvard.edu,0
Rosene,Artie,14866879,Rosene.Artie@college.harvard.edu,0
Ottilie,Pond,19601509,Ottilie.Pond@college.harvard.edu,0
Ellette,Ellord,17926648,Ellette.Ellord@college.harvard.edu,0
Devina,Fontana,15837609,Devina.Fontana@college.harvard.edu,0
Fredericka,Emanuel,16334739,Fredericka.Emanuel@college.harvard.edu,0
Vonny,Behre,10551097,Vonny.Behre@college.harvard.edu,0
Rubie,Allare,17495367,Rubie.Allare@college.harvard.edu,0
Lanae,Arley,18467116,Lanae.Arley@college.harvard.edu,0
Anallese,Goth,17927182,Anallese.Goth@college.harvard.edu,0
Myriam,Fabiola,13646566,Myriam.Fabiola@college.harvard.edu,0
Aimil,Reneta,11416674,Aimil.Reneta@college.harvard.edu,0
Lynnea,Daveta,15787314,Lynnea.Daveta@college.harvard.edu,0
Lolita,Therine,11513216,Lolita.Therine@college.harvard.edu,0
Roxane,Pitt,18385898,Roxane.Pitt@college.harvard.edu,0
Roz,Magnolia,13477994,Roz.Magnolia@college.harvard.edu,0
Briney,Means,19899421,Briney.Means@college.harvard.edu,0
Sara-Ann,Kirbee,16507157,Sara-Ann.Kirbee@college.harvard.edu,0
Demetris,Janene,15971480,Demetris.Janene@college.harvard.edu,0
Therine,Durante,11377390,Therine.Durante@college.harvard.edu,0
Jany,Chick,16714167,Jany.Chick@college.harvard.edu,0
Johna,Gunn,14787982,Johna.Gunn@college.harvard.edu,0
Lorenza,Koehler,18869543,Lorenza.Koehler@college.harvard.edu,0
Shaine,Meli,15484522,Shaine.Meli@college.harvard.edu,0
Kimmy,Erb,16700176,Kimmy.Erb@college.harvard.edu,0
Nelle,Behre,16448122,Nelle.Behre@college.harvard.edu,0
Kaja,Carbo,10160444,Kaja.Carbo@college.harvard.edu,0
Shauna,Dunkin,17752080,Shauna.Dunkin@college.harvard.edu,0
Cathie,Stover,10070624,Cathie.Stover@college.harvard.edu,0
Laure,Oscar,12525371,Laure.Oscar@college.harvard.edu,0
Jere,Toffic,11539889,Jere.Toffic@college.harvard.edu,0
Marinna,Parette,16140510,Marinna.Parette@college.harvard.edu,0
Paulita,Saunderson,11296242,Paulita.Saunderson@college.harvard.edu,0
Mariann,Ellord,19579544,Mariann.Ellord@college.harvard.edu,0
Blondelle,Solitta,14477644,Blondelle.Solitta@college.harvard.edu,0
Corina,Corrine,15181216,Corina.Corrine@college.harvard.edu,0
Ivett,Genna,12257334,Ivett.Genna@college.harvard.edu,0
Annice,Mintz,13473108,Annice.Mintz@college.harvard.edu,0
Gale,Killigrew,15363331,Gale.Killigrew@college.harvard.edu,0
Nyssa,Teddman,15402921,Nyssa.Teddman@college.harvard.edu,0
Lelah,Gabrielli,14213291,Lelah.Gabrielli@college.harvard.edu,0
Ninnetta,Reinke,12248015,Ninnetta.Reinke@college.harvard.edu,0
Edith,Olnee,18043093,Edith.Olnee@college.harvard.edu,0
Natka,Federica,18199273,Natka.Federica@college.harvard.edu,0
Gale,Diann,19396408,Gale.Diann@college.harvard.edu,0
Roslyn,Wolfgram,18296515,Roslyn.Wolfgram@college.harvard.edu,0
Petronia,Euridice,13842596,Petronia.Euridice@college.harvard.edu,0
Roberta,Vary,19231132,Roberta.Vary@college.harvard.edu,0
Karlee,Chick,10054746,Karlee.Chick@college.harvard.edu,0
Stacey,Han,11834426,Stacey.Han@college.harvard.edu,0
Corly,Dichy,13973312,Corly.Dichy@college.harvard.edu,0
Eadie,Monaco,15882522,Eadie.Monaco@college.harvard.edu,0
Stephanie,Ioab,14589385,Stephanie.Ioab@college.harvard.edu,0
Nicoli,Tjon,11093265,Nicoli.Tjon@college.harvard.edu,0
Shell,Llovera,13574080,Shell.Llovera@college.harvard.edu,0
Dode,Brieta,11325447,Dode.Brieta@college.harvard.edu,0
Eugine,Cosenza,14807138,Eugine.Cosenza@college.harvard.edu,0
Britni,Morgun,16091293,Britni.Morgun@college.harvard.edu,0
Leanna,Arley,10058655,Leanna.Arley@college.harvard.edu,0
Cecile,Thornburg,12951429,Cecile.Thornburg@college.harvard.edu,0
Ebonee,Greyson,16236809,Ebonee.Greyson@college.harvard.edu,0
Margette,Daegal,14013879,Margette.Daegal@college.harvard.edu,0
Cherilyn,Baudin,16532284,Cherilyn.Baudin@college.harvard.edu,0
Joelly,Leopold,19144283,Joelly.Leopold@college.harvard.edu,0
Kial,Ochs,12922281,Kial.Ochs@college.harvard.edu,0
Cyndie,Moseley,16706284,Cyndie.Moseley@college.harvard.edu,0
Julieta,Idelia,14931747,Julieta.Idelia@college.harvard.edu,0
Flory,Eldrid,14553888,Flory.Eldrid@college.harvard.edu,0
Jobi,Fitzsimmons,10962986,Jobi.Fitzsimmons@college.harvard.edu,0
Raf,Amadas,17915051,Raf.Amadas@college.harvard.edu,0
Lexine,Schroth,12373036,Lexine.Schroth@college.harvard.edu,0
Aigneis,Hessler,15059379,Aigneis.Hessler@college.harvard.edu,0
Charlena,Merat,12169291,Charlena.Merat@college.harvard.edu,0
Melanie,Harl,15691180,Melanie.Harl@college.harvard.edu,0
Maud,Raseda,12772023,Maud.Raseda@college.harvard.edu,0
Corina,Egbert,18200203,Corina.Egbert@college.harvard.edu,0
Patricia,Katrine,16383270,Patricia.Katrine@college.harvard.edu,0
Emelina,McAdams,10858543,Emelina.McAdams@college.harvard.edu,0
Patricia,Garek,16825995,Patricia.Garek@college.harvard.edu,0
Jsandye,Syd,10605116,Jsandye.Syd@college.harvard.edu,0
Nicoli,Baudin,17305866,Nicoli.Baudin@college.harvard.edu,0
Babita,Ursulette,10084333,Babita.Ursulette@college.harvard.edu,0
Kial,Cadmar,17749962,Kial.Cadmar@college.harvard.edu,0
Joceline,Egbert,14683955,Joceline.Egbert@college.harvard.edu,0
Maye,Burch,10806650,Maye.Burch@college.harvard.edu,0
Gabriellia,Dyche,17931888,Gabriellia.Dyche@college.harvard.edu,0
Penelopa,Pacorro,18931782,Penelopa.Pacorro@college.harvard.edu,0
Cindelyn,Ioab,12257941,Cindelyn.Ioab@college.harvard.edu,0
Paule,Madox,19133819,Paule.Madox@college.harvard.edu,0
Deane,Valoniah,17786692,Deane.Valoniah@college.harvard.edu,0
Steffane,Cassius,18739767,Steffane.Cassius@college.harvard.edu,0
Olivette,Atonsah,12312854,Olivette.Atonsah@college.harvard.edu,0
Neila,Schroth,19328826,Neila.Schroth@college.harvard.edu,0
Alia,Garek,16672357,Alia.Garek@college.harvard.edu,0
Delilah,Wilkinson,14720800,Delilah.Wilkinson@college.harvard.edu,0
Helena,Land,15106524,Helena.Land@college.harvard.edu,0
Leanna,Autrey,17451210,Leanna.Autrey@college.harvard.edu,0
Florencia,Reidar,17684673,Florencia.Reidar@college.harvard.edu,0
Tabbatha,Bigner,11666164,Tabbatha.Bigner@college.harvard.edu,0
Joleen,Halsey,14862378,Joleen.Halsey@college.harvard.edu,0
Candy,Merell,10452067,Candy.Merell@college.harvard.edu,0
Elmira,Even,18578754,Elmira.Even@college.harvard.edu,0
Vinita,Wyn,15029274,Vinita.Wyn@college.harvard.edu,0
Riannon,Joseph,12507673,Riannon.Joseph@college.harvard.edu,0
Sherrie,Joachim,18392376,Sherrie.Joachim@college.harvard.edu,0
Ricky,Merat,15679591,Ricky.Merat@college.harvard.edu,0
Jennica,Richers,15184506,Jennica.Richers@college.harvard.edu,0
Lauryn,Jalbert,15950162,Lauryn.Jalbert@college.harvard.edu,0
Laure,Hazlett,15521727,Laure.Hazlett@college.harvard.edu,0
Carly,Cohdwell,19467576,Carly.Cohdwell@college.harvard.edu,0
Sean,Remmer,10100627,Sean.Remmer@college.harvard.edu,0
Dania,Neils,12578990,Dania.Neils@college.harvard.edu,0
Catharine,Gaal,10492544,Catharine.Gaal@college.harvard.edu,0
Janis,Ophelia,11406986,Janis.Ophelia@college.harvard.edu,0
Rosabelle,Hebner,18539959,Rosabelle.Hebner@college.harvard.edu,0
Ulrike,Toffic,19841973,Ulrike.Toffic@college.harvard.edu,0
Vonny,Ackerley,17664827,Vonny.Ackerley@college.harvard.edu,0
Lily,Helfand,12842888,Lily.Helfand@college.harvard.edu,0
Brooks,Creamer,19351121,Brooks.Creamer@college.harvard.edu,0
Kary,Mike,13717657,Kary.Mike@college.harvard.edu,0
Brena,Greyson,19163972,Brena.Greyson@college.harvard.edu,0
Ana,Bollay,19210549,Ana.Bollay@college.harvard.edu,0
Selia,Leler,10779599,Selia.Leler@college.harvard.edu,0
Belinda,Daniele,17167468,Belinda.Daniele@college.harvard.edu,0
Susette,O'Rourke,15958817,Susette.O'Rourke@college.harvard.edu,0
Gerianna,My,12329350,Gerianna.My@college.harvard.edu,0
Nyssa,Longfellow,16028266,Nyssa.Longfellow@college.harvard.edu,0
Cherilyn,Egbert,11969863,Cherilyn.Egbert@college.harvard.edu,0
Mara,Clarissa,16264437,Mara.Clarissa@college.harvard.edu,0
Malina,Bonilla,10078311,Malina.Bonilla@college.harvard.edu,0
Wilma,Justinn,10037489,Wilma.Justinn@college.harvard.edu,0
Fredericka,Clara,15308749,Fredericka.Clara@college.harvard.edu,0
Juliane,Eldrid,15647241,Juliane.Eldrid@college.harvard.edu,0
Ursulina,Belanger,18234916,Ursulina.Belanger@college.harvard.edu,0
Maurene,Reneta,15341215,Maurene.Reneta@college.harvard.edu,0
Gerrie,Morrill,14919551,Gerrie.Morrill@college.harvard.edu,0
Mallory,Ajay,11476841,Mallory.Ajay@college.harvard.edu,0
Fawne,Sigfrid,11903270,Fawne.Sigfrid@college.harvard.edu,0
Jorry,Stilwell,19574470,Jorry.Stilwell@college.harvard.edu,0
Tobe,Luhe,19471335,Tobe.Luhe@college.harvard.edu,0
Rhoda,Gale,14088915,Rhoda.Gale@college.harvard.edu,0
Leeanne,Monaco,17596570,Leeanne.Monaco@college.harvard.edu,0
Robinia,Larochelle,16935466,Robinia.Larochelle@college.harvard.edu,0
Justinn,Shaddock,11087272,Justinn.Shaddock@college.harvard.edu,0
Luci,Myrilla,18165262,Luci.Myrilla@college.harvard.edu,0
Talya,Ciapas,10195951,Talya.Ciapas@college.harvard.edu,0
Merrie,Ivens,17807279,Merrie.Ivens@college.harvard.edu,0
Dolli,Euridice,14268919,Dolli.Euridice@college.harvard.edu,0
Marguerite,Ardeha,19849461,Marguerite.Ardeha@college.harvard.edu,0
Renae,Wittie,14464888,Renae.Wittie@college.harvard.edu,0
