Larine,Paton,14731172,Larine.Paton@college.harvard.edu,1
Alejandra,Ehrman,16185753,Alejandra.Ehrman@college.harvard.edu,1
Elyssa,Wu,12316153,Elyssa.Wu@college.harvard.edu,1
Rozele,Wilkinson,15118764,Rozele.Wilkinson@college.harvard.edu,1
Collen,Garek,17585948,Collen.Garek@college.harvard.edu,1
Alexine,Ackerley,14493600,Alexine.Ackerley@college.harvard.edu,1
Nanete,Kenwood,13603325,Nanete.Kenwood@college.harvard.edu,1
Mariele,Sawtelle,17643066,Mariele.Sawtelle@college.harvard.edu,1
Ronna,Loring,12850713,Ronna.Loring@college.harvard.edu,1
Patricia,Schalles,11917293,Patricia.Schalles@college.harvard.edu,1
Bibby,Toor,12441773,Bibby.Toor@college.harvard.edu,1
Brietta,Primalia,16916977,Brietta.Primalia@college.harvard.edu,1
Nickie,Suk,14479374,Nickie.Suk@college.harvard.edu,1
Elsie,Quinn,10763714,Elsie.Quinn@college.harvard.edu,1
Ardenia,Wareing,11026377,Ardenia.Wareing@college.harvard.edu,1
Kristan,Standing,19728411,Kristan.Standing@college.harvard.edu,1
Emmey,Bryna,19613038,Emmey.Bryna@college.harvard.edu,1
Lacie,Hartnett,18592300,Lacie.Hartnett@college.harvard.edu,1
Tressa,Roscoe,18800777,Tressa.Roscoe@college.harvard.edu,1
Nannie,Zetta,16190963,Nannie.Zetta@college.harvard.edu,1
Clementine,Granoff,10504852,Clementine.Granoff@college.harvard.edu,1
Priscilla,Blisse,17187246,Priscilla.Blisse@college.harvard.edu,1
Genevra,Harriman,17355758,Genevra.Harriman@college.harvard.edu,1
Blondelle,Fink,12658378,Blondelle.Fink@college.harvard.edu,1
Tracey,Ammann,17612272,Tracey.Ammann@college.harvard.edu,1
Dorene,Casimir,14420637,Dorene.Casimir@college.harvard.edu,1
Raquela,Lenny,18924933,Raquela.Lenny@college.harvard.edu,1
Bobinette,Matthew,15380655,Bobinette.Matthew@college.harvard.edu,1
Averyl,Brieta,15653824,Averyl.Brieta@college.harvard.edu,1
Siana,Soneson,17998677,Siana.Soneson@college.harvard.edu,1
Selia,Llovera,14302923,Selia.Llovera@college.harvard.edu,1
Susette,Elephus,15826857,Susette.Elephus@college.harvard.edu,1
Edyth,Concha,19745556,Edyth.Concha@college.harvard.edu,1
Katleen,Norvol,16415829,Katleen.Norvol@college.harvard.edu,1
Marline,Himelman,18829950,Marline.Himelman@college.harvard.edu,1
Amalie,Alabaster,16930954,Amalie.Alabaster@college.harvard.edu,1
Iseabal,Bashemeth,17926064,Iseabal.Bashemeth@college.harvard.edu,1
Betta,Cullin,14207386,Betta.Cullin@college.harvard.edu,1
Jinny,Haerr,14135401,Jinny.Haerr@college.harvard.edu,1
Jennica,Pettiford,11417817,Jennica.Pettiford@college.harvard.edu,1
Claresta,Nahum,10315953,Claresta.Nahum@college.harvard.edu,1
Patricia,Alejoa,16214403,Patricia.Alejoa@college.harvard.edu,1
Brynna,Lunsford,11392410,Brynna.Lunsford@college.harvard.edu,1
Adore,Cynar,13732698,Adore.Cynar@college.harvard.edu,1
Dale,Blake,19847603,Dale.Blake@college.harvard.edu,1
Cam,Rodmann,14523012,Cam.Rodmann@college.harvard.edu,1
Beatriz,Clara,15921985,Beatriz.Clara@college.harvard.edu,1
Mathilda,Cosenza,13908008,Mathilda.Cosenza@college.harvard.edu,1
Lory,Kat,11308726,Lory.Kat@college.harvard.edu,1
Romona,Gilbertson,19250888,Romona.Gilbertson@college.harvard.edu,1
Millie,Johanna,14217321,Millie.Johanna@college.harvard.edu,1
Riannon,Raseda,13800219,Riannon.Raseda@college.harvard.edu,1
Jany,Yuille,14300562,Jany.Yuille@college.harvard.edu,1
Tersina,Maisey,18234618,Tersina.Maisey@college.harvard.edu,1
Harmonia,Diogenes,14499510,Harmonia.Diogenes@college.harvard.edu,1
Ilse,Zetta,13378562,Ilse.Zetta@college.harvard.edu,1
Latisha,Aaberg,14259647,Latisha.Aaberg@college.harvard.edu,1
Clarice,Constancy,18401177,Clarice.Constancy@college.harvard.edu,1
Meg,Alice,16445431,Meg.Alice@college.harvard.edu,1
Kerrin,Merat,12449723,Kerrin.Merat@college.harvard.edu,1
Charissa,Celestine,19960389,Charissa.Celestine@college.harvard.edu,1
Andree,Roche,19632846,Andree.Roche@college.harvard.edu,1
Romona,Merna,15036450,Romona.Merna@college.harvard.edu,1
Susette,Tillford,15143150,Susette.Tillford@college.harvard.edu,1
Gilligan,Hanshaw,14960727,Gilligan.Hanshaw@college.harvard.edu,1
Shirlee,Harl,10033912,Shirlee.Harl@college.harvard.edu,1
Dulce,Toffic,12831699,Dulce.Toffic@college.harvard.edu,1
Elbertina,Sholley,19885130,Elbertina.Sholley@college.harvard.edu,1
Cindelyn,Ferrell,18675179,Cindelyn.Ferrell@college.harvard.edu,1
Kaja,Raimondo,13394970,Kaja.Raimondo@college.harvard.edu,1
Lulita,Maisey,16774006,Lulita.Maisey@college.harvard.edu,1
Lesly,Anastatius,12162096,Lesly.Anastatius@college.harvard.edu,1
Bobbi,Therine,10313819,Bobbi.Therine@college.harvard.edu,1
Edee,Rogerio,13735216,Edee.Rogerio@college.harvard.edu,1
Sindee,Holbrook,15918406,Sindee.Holbrook@college.harvard.edu,1
Mathilda,McLaughlin,18552273,Mathilda.McLaughlin@college.harvard.edu,1
Steffane,Munn,15506558,Steffane.Munn@college.harvard.edu,1
Calla,Carvey,18820580,Calla.Carvey@college.harvard.edu,1
Teddie,Maribeth,16391554,Teddie.Maribeth@college.harvard.edu,1
Rhea,Lareena,13183831,Rhea.Lareena@college.harvard.edu,1
Marinna,Richers,15139396,Marinna.Richers@college.harvard.edu,1
Beverley,Hepsibah,13588302,Beverley.Hepsibah@college.harvard.edu,1
Bee,Eckblad,17355908,Bee.Eckblad@college.harvard.edu,1
Sindee,Merat,19030500,Sindee.Merat@college.harvard.edu,1
Stephanie,Moseley,13231539,Stephanie.Moseley@college.harvard.edu,1
Shaylyn,Glovsky,16495897,Shaylyn.Glovsky@college.harvard.edu,1
Felice,Harned,19046660,Felice.Harned@college.harvard.edu,1
Iseabal,Constancy,10160090,Iseabal.Constancy@college.harvard.edu,1
Antonietta,Lissi,18580384,Antonietta.Lissi@college.harvard.edu,1
Sabina,Leonard,18537336,Sabina.Leonard@college.harvard.edu,1
Annaliese,Fadiman,19413059,Annaliese.Fadiman@college.harvard.edu,1
Ginnie,August,10028149,Ginnie.August@college.harvard.edu,1
Mireielle,Uund,18018755,Mireielle.Uund@college.harvard.edu,1
Cherrita,Zuzana,11343879,Cherrita.Zuzana@college.harvard.edu,1
Libbie,Aurelio,17477745,Libbie.Aurelio@college.harvard.edu,1
Valli,Kolnick,17789823,Valli.Kolnick@college.harvard.edu,1
Eolanda,Fairweather,12960197,Eolanda.Fairweather@college.harvard.edu,1
Wileen,Donoghue,10603081,Wileen.Donoghue@college.harvard.edu,1
Winifred,Michella,11136721,Winifred.Michella@college.harvard.edu,1
Xylina,Gemini,15508561,Xylina.Gemini@college.harvard.edu,1
Marylou,Infield,19490021,Marylou.Infield@college.harvard.edu,1
Melanie,Seagraves,13293637,Melanie.Seagraves@college.harvard.edu,1
Hyacinthe,Mallon,14916847,Hyacinthe.Mallon@college.harvard.edu,1
Cecile,Magnolia,18239892,Cecile.Magnolia@college.harvard.edu,1
Justinn,Marisa,18463184,Justinn.Marisa@college.harvard.edu,1
Kial,Amethist,11965031,Kial.Amethist@college.harvard.edu,1
Ricky,Florina,14441717,Ricky.Florina@college.harvard.edu,1
Allyce,Jeanne,17995375,Allyce.Jeanne@college.harvard.edu,1
Caryl,Leler,16651088,Caryl.Leler@college.harvard.edu,1
Orelia,Lutero,14764404,Orelia.Lutero@college.harvard.edu,1
Dania,Casimir,14115304,Dania.Casimir@college.harvard.edu,1
Reeba,Giule,10967953,Reeba.Giule@college.harvard.edu,1
Deane,Gherardo,16137407,Deane.Gherardo@college.harvard.edu,1
Max,Mike,10085848,Max.Mike@college.harvard.edu,1
Rochette,Ammann,14913917,Rochette.Ammann@college.harvard.edu,1
Carree,Goode,16940144,Carree.Goode@college.harvard.edu,1
Elie,Winnick,16730800,Elie.Winnick@college.harvard.edu,1
Karina,Serilda,11976006,Karina.Serilda@college.harvard.edu,1
Michaelina,Carbo,13380775,Michaelina.Carbo@college.harvard.edu,1
Lanae,Schenck,13638057,Lanae.Schenck@college.harvard.edu,1
Imojean,Moina,12683453,Imojean.Moina@college.harvard.edu,1
Steffane,Joni,18353683,Steffane.Joni@college.harvard.edu,1
Emelina,Yam,11046599,Emelina.Yam@college.harvard.edu,1
Benita,Medrek,14325078,Benita.Medrek@college.harvard.edu,1
Giustina,Mozelle,10619083,Giustina.Mozelle@college.harvard.edu,1
Asia,Tamsky,17979892,Asia.Tamsky@college.harvard.edu,1
Wileen,O'Rourke,11201153,Wileen.O'Rourke@college.harvard.edu,1
Rubie,Marijo,15074851,Rubie.Marijo@college.harvard.edu,1
Jemie,Timon,14390692,Jemie.Timon@college.harvard.edu,1
Lucille,Nadia,12287993,Lucille.Nadia@college.harvard.edu,1
Oralee,Donell,19545303,Oralee.Donell@college.harvard.edu,1
Laurene,Christine,13292895,Laurene.Christine@college.harvard.edu,1
Nickie,Harriman,16746023,Nickie.Harriman@college.harvard.edu,1
Cecile,Hutchison,11435244,Cecile.Hutchison@college.harvard.edu,1
Goldie,Loeb,16005620,Goldie.Loeb@college.harvard.edu,1
Joeann,Brunell,19862260,Joeann.Brunell@college.harvard.edu,1
Johna,Aldric,10853350,Johna.Aldric@college.harvard.edu,1
Gwenneth,Oneida,17942029,Gwenneth.Oneida@college.harvard.edu,1
Paulita,Prouty,15145770,Paulita.Prouty@college.harvard.edu,1
Dorice,Boycey,17692558,Dorice.Boycey@college.harvard.edu,1
Giustina,Knowling,12201464,Giustina.Knowling@college.harvard.edu,1
Marnia,Phi,13810155,Marnia.Phi@college.harvard.edu,1
Amara,Ephrem,12069554,Amara.Ephrem@college.harvard.edu,1
Talya,Merat,12561314,Talya.Merat@college.harvard.edu,1
Lucy,Pierette,11339895,Lucy.Pierette@college.harvard.edu,1
Gavrielle,Riva,11691853,Gavrielle.Riva@college.harvard.edu,1
Jessamyn,Norvol,13093153,Jessamyn.Norvol@college.harvard.edu,1
Dacia,Uund,13834833,Dacia.Uund@college.harvard.edu,1
Chandra,Weide,11988391,Chandra.Weide@college.harvard.edu,1
