Priscilla,Geffner,14666772,Priscilla.Geffner@college.harvard.edu,2
Misha,Tybald,15474105,Misha.Tybald@college.harvard.edu,2
Gale,Hermes,10553554,Gale.Hermes@college.harvard.edu,2
Sharai,Meli,16097823,Sharai.Meli@college.harvard.edu,2
Ethel,Hartnett,11383680,Ethel.Hartnett@college.harvard.edu,2
Beth,Roxanna,13130130,Beth.Roxanna@college.harvard.edu,2
Maud,Thema,19209764,Maud.Thema@college.harvard.edu,2
Myriam,Jerold,11845800,Myriam.Jerold@college.harvard.edu,2
Lolita,Harday,18802346,Lolita.Harday@college.harvard.edu,2
Charlena,Buffum,11578825,Charlena.Buffum@college.harvard.edu,2
Fredericka,Grimbly,13591891,Fredericka.Grimbly@college.harvard.edu,2
Rochette,Genna,19958152,Rochette.Genna@college.harvard.edu,2
Annecorinne,Jerald,14448714,Annecorinne.Jerald@college.harvard.edu,2
Shandie,Wu,19974709,Shandie.Wu@college.harvard.edu,2
Hermione,Valerio,12033707,Hermione.Valerio@college.harvard.edu,2
Chloris,Dyche,19984627,Chloris.Dyche@college.harvard.edu,2
Cordi,Bronk,13062118,Cordi.Bronk@college.harvard.edu,2
Marguerite,Uird,10617958,Marguerite.Uird@college.harvard.edu,2
Sam,Tound,13871481,Sam.Tound@college.harvard.edu,2
Mireielle,Ardra,12726659,Mireielle.Ardra@college.harvard.edu,2
Keelia,Chinua,16704646,Keelia.Chinua@college.harvard.edu,2
Dotty,Dex,16624239,Dotty.Dex@college.harvard.edu,2
Keelia,Cordi,19066481,Keelia.Cordi@college.harvard.edu,2
Ezmeralda,Lindemann,19575575,Ezmeralda.Lindemann@college.harvard.edu,2
Leia,Nance,17649524,Leia.Nance@college.harvard.edu,2
Dale,Podvin,15623256,Dale.Podvin@college.harvard.edu,2
Laure,Aloise,13243090,Laure.Aloise@college.harvard.edu,2
Reeba,Wyn,18793626,Reeba.Wyn@college.harvard.edu,2
Josephine,Wesle,11985936,Josephine.Wesle@college.harvard.edu,2
Gilda,Gillan,14094779,Gilda.Gillan@college.harvard.edu,2
Ottilie,Codding,12467150,Ottilie.Codding@college.harvard.edu,2
Ida,Shuler,19521623,Ida.Shuler@college.harvard.edu,2
Edith,Niles,14699985,Edith.Niles@college.harvard.edu,2
Joleen,Madelene,18827190,Joleen.Madelene@college.harvard.edu,2
Gloria,Amadas,12220298,Gloria.Amadas@college.harvard.edu,2
Oona,Flita,11679528,Oona.Flita@college.harvard.edu,2
Linet,Brian,13502166,Linet.Brian@college.harvard.edu,2
Ricky,Beebe,10279094,Ricky.Beebe@college.harvard.edu,2
Vanessa,Ardra,15201110,Vanessa.Ardra@college.harvard.edu,2
Aigneis,Bartlett,18616245,Aigneis.Bartlett@college.harvard.edu,2
June,Nisbet,14808539,June.Nisbet@college.harvard.edu,2
Mathilda,Henrie,12978721,Mathilda.Henrie@college.harvard.edu,2
Sadie,Isidore,18358708,Sadie.Isidore@college.harvard.edu,2
Nelle,Thar,11408415,Nelle.Thar@college.harvard.edu,2
Constance,Hull,14103313,Constance.Hull@college.harvard.edu,2
Harmonia,Norrie,17792981,Harmonia.Norrie@college.harvard.edu,2
Elbertina,Clara,11249526,Elbertina.Clara@college.harvard.edu,2
Ermengarde,Justinn,18096914,Ermengarde.Justinn@college.harvard.edu,2
Michaelina,Carri,19940444,Michaelina.Carri@college.harvard.edu,2
Kassey,Linehan,14799851,Kassey.Linehan@college.harvard.edu,2
Rosene,Zaslow,16287104,Rosene.Zaslow@college.harvard.edu,2
Yetty,Charity,15001904,Yetty.Charity@college.harvard.edu,2
Gertrud,Erminia,16255096,Gertrud.Erminia@college.harvard.edu,2
Ardys,Merna,11103500,Ardys.Merna@college.harvard.edu,2
Caryl,Lemuela,19722099,Caryl.Lemuela@college.harvard.edu,2
Kaia,Cimbura,14289169,Kaia.Cimbura@college.harvard.edu,2
Cam,Isacco,14001758,Cam.Isacco@college.harvard.edu,2
Rosabelle,Virgin,19883934,Rosabelle.Virgin@college.harvard.edu,2
Tamqrah,Sawtelle,19692961,Tamqrah.Sawtelle@college.harvard.edu,2
Beth,Lane,13794991,Beth.Lane@college.harvard.edu,2
Nollie,Magnolia,10407725,Nollie.Magnolia@college.harvard.edu,2
Elyssa,Joeann,15017882,Elyssa.Joeann@college.harvard.edu,2
Audrie,Carvey,11480963,Audrie.Carvey@college.harvard.edu,2
Latisha,Gaal,13773440,Latisha.Gaal@college.harvard.edu,2
Fernande,Joachim,16395052,Fernande.Joachim@college.harvard.edu,2
Mireielle,Anselmi,13980421,Mireielle.Anselmi@college.harvard.edu,2
Allis,Fabiola,13054759,Allis.Fabiola@college.harvard.edu,2
Albertina,Greenwald,12251500,Albertina.Greenwald@college.harvard.edu,2
Jessy,Even,13439302,Jessy.Even@college.harvard.edu,2
Clementine,Kolnick,17224003,Clementine.Kolnick@college.harvard.edu,2
Ezmeralda,Emerson,11661316,Ezmeralda.Emerson@college.harvard.edu,2
Carolina,Pacorro,16629153,Carolina.Pacorro@college.harvard.edu,2
Marita,Gino,16725395,Marita.Gino@college.harvard.edu,2
Elise,Vilma,10639670,Elise.Vilma@college.harvard.edu,2
Louella,Tannie,12941265,Louella.Tannie@college.harvard.edu,2
Odessa,Haldas,15838724,Odessa.Haldas@college.harvard.edu,2
Elka,Greyson,17937475,Elka.Greyson@college.harvard.edu,2
Steffane,Brenn,16886831,Steffane.Brenn@college.harvard.edu,2
Kassey,Reneta,17949649,Kassey.Reneta@college.harvard.edu,2
Madeleine,Fairweather,11482559,Madeleine.Fairweather@college.harvard.edu,2
Nonnah,Faso,16693026,Nonnah.Faso@college.harvard.edu,2
Steffane,Lacombe,13376740,Steffane.Lacombe@college.harvard.edu,2
Estell,Garek,12977403,Estell.Garek@college.harvard.edu,2
Berget,Garek,15716707,Berget.Garek@college.harvard.edu,2
Cecile,Obed,15245497,Cecile.Obed@college.harvard.edu,2
Robinia,Federica,13736039,Robinia.Federica@college.harvard.edu,2
Demetris,Barrus,14167795,Demetris.Barrus@college.harvard.edu,2
Amalie,Deegan,17367873,Amalie.Deegan@college.harvard.edu,2
Georgetta,Dreda,15355707,Georgetta.Dreda@college.harvard.edu,2
Zondra,Kazimir,18680396,Zondra.Kazimir@college.harvard.edu,2
Adriana,Liebermann,13083851,Adriana.Liebermann@college.harvard.edu,2
Ardeen,Jalbert,12295031,Ardeen.Jalbert@college.harvard.edu,2
Kayla,Carmena,19670373,Kayla.Carmena@college.harvard.edu,2
Hallie,Goddard,13455127,Hallie.Goddard@college.harvard.edu,2
Fina,Cookie,14052209,Fina.Cookie@college.harvard.edu,2
Gretal,Berne,12116363,Gretal.Berne@college.harvard.edu,2
Minda,Wu,16437665,Minda.Wu@college.harvard.edu,2
Jenilee,Kalinda,14007845,Jenilee.Kalinda@college.harvard.edu,2
Gianina,Wu,12880517,Gianina.Wu@college.harvard.edu,2
Feliza,McNully,11725282,Feliza.McNully@college.harvard.edu,2
Norine,Glovsky,18162089,Norine.Glovsky@college.harvard.edu,2
Wanda,Kress,16063388,Wanda.Kress@college.harvard.edu,2
Asia,Orlene,10170163,Asia.Orlene@college.harvard.edu,2
Belinda,Linskey,19533199,Belinda.Linskey@college.harvard.edu,2
Keelia,Lytton,12320412,Keelia.Lytton@college.harvard.edu,2
Darlleen,Garbe,13157058,Darlleen.Garbe@college.harvard.edu,2
Sara-Ann,Kress,11872771,Sara-Ann.Kress@college.harvard.edu,2
Kimberley,Wenda,14275515,Kimberley.Wenda@college.harvard.edu,2
Averyl,Saunderson,19820846,Averyl.Saunderson@college.harvard.edu,2
Jemie,Calhoun,19660768,Jemie.Calhoun@college.harvard.edu,2
Brana,Concha,12564036,Brana.Concha@college.harvard.edu,2
Mariele,Poppy,19183577,Mariele.Poppy@college.harvard.edu,2
Tori,Garbe,10516444,Tori.Garbe@college.harvard.edu,2
Corry,Solitta,14119834,Corry.Solitta@college.harvard.edu,2
Cyndie,Elisha,11637919,Cyndie.Elisha@college.harvard.edu,2
Maye,Urania,19791159,Maye.Urania@college.harvard.edu,2
Binny,Hailee,16632121,Binny.Hailee@college.harvard.edu,2
Laure,Romelda,17000645,Laure.Romelda@college.harvard.edu,2
Diena,Edee,12267490,Diena.Edee@college.harvard.edu,2
Tomasina,Caitlin,14173866,Tomasina.Caitlin@college.harvard.edu,2
Delilah,Publia,12994767,Delilah.Publia@college.harvard.edu,2
Jorry,Holbrook,19036107,Jorry.Holbrook@college.harvard.edu,2
Chloris,Boycey,10505139,Chloris.Boycey@college.harvard.edu,2
Nollie,Felizio,10647116,Nollie.Felizio@college.harvard.edu,2
Amalie,Lucienne,16143977,Amalie.Lucienne@college.harvard.edu,2
Odessa,Stelle,19016935,Odessa.Stelle@college.harvard.edu,2
Gusty,Tryck,13366608,Gusty.Tryck@college.harvard.edu,2
Britni,Ailyn,12534872,Britni.Ailyn@college.harvard.edu,2
Eve,Verger,17284534,Eve.Verger@college.harvard.edu,2
Andeee,Nance,19193576,Andeee.Nance@college.harvard.edu,2
Emmey,Cleo,12925065,Emmey.Cleo@college.harvard.edu,2
Dania,Tremayne,11465485,Dania.Tremayne@college.harvard.edu,2
Chrystel,Pozzy,17641228,Chrystel.Pozzy@college.harvard.edu,2
Kittie,Taima,12266700,Kittie.Taima@college.harvard.edu,2
Elbertina,Pattin,10850180,Elbertina.Pattin@college.harvard.edu,2
Loree,Ingra,18682611,Loree.Ingra@college.harvard.edu,2
Priscilla,Atcliffe,10738212,Priscilla.Atcliffe@college.harvard.edu,2
Natka,Ellord,13481438,Natka.Ellord@college.harvard.edu,2
Larine,Wolfgram,13603911,Larine.Wolfgram@college.harvard.edu,2
