Madeleine,Stilwell,13502774,Madeleine.Stilwell@college.harvard.edu,2
Phedra,Lia,11868072,Phedra.Lia@college.harvard.edu,2
Alejandra,Ehrman,16185753,Alejandra.Ehrman@college.harvard.edu,2
Mariele,Sawtelle,17643066,Mariele.Sawtelle@college.harvard.edu,2
Winny,Markman,12461674,Winny.Markman@college.harvard.edu,2
Jeanna,Isidore,16935372,Jeanna.Isidore@college.harvard.edu,2
Valera,Pandolfi,15509054,Valera.Pandolfi@college.harvard.edu,2
Devina,Holtz,14874114,Devina.Holtz@college.harvard.edu,2
Judy,Kiersten,14471867,Judy.Kiersten@college.harvard.edu,2
Sheree,Plato,16102308,Sheree.Plato@college.harvard.edu,2
Dode,Clywd,11331372,Dode.Clywd@college.harvard.edu,2
Helena,Zamora,12541094,Helena.Zamora@college.harvard.edu,2
Gabi,Drisko,12313850,Gabi.Drisko@college.harvard.edu,2
Claudina,Artie,14132861,Claudina.Artie@college.harvard.edu,2
Kaja,Mike,15552390,Kaja.Mike@college.harvard.edu,2
Albertina,Peg,16155043,Albertina.Peg@college.harvard.edu,2
Lila,Fink,12762578,Lila.Fink@college.harvard.edu,2
Fernande,Nester,16794516,Fernande.Nester@college.harvard.edu,2
Keelia,Chinua,16704646,Keelia.Chinua@college.harvard.edu,2
Bertine,Newell,19032590,Bertine.Newell@college.harvard.edu,2
Jeanna,Velick,10123917,Jeanna.Velick@college.harvard.edu,2
Corly,Stelle,13629300,Corly.Stelle@college.harvard.edu,2
Averyl,Brieta,15653824,Averyl.Brieta@college.harvard.edu,2
Minne,Thornburg,10037617,Minne.Thornburg@college.harvard.edu,2
Ivett,Rona,19991106,Ivett.Rona@college.harvard.edu,2
Thalia,Atonsah,13035523,Thalia.Atonsah@college.harvard.edu,2
Netty,Jagir,17321044,Netty.Jagir@college.harvard.edu,2
Ardys,Ursulette,19257991,Ardys.Ursulette@college.harvard.edu,2
Antonietta,Wenoa,14303360,Antonietta.Wenoa@college.harvard.edu,2
Brietta,Morgun,17641524,Brietta.Morgun@college.harvard.edu,2
Berta,Ade,13418125,Berta.Ade@college.harvard.edu,2
Malina,Hessler,19374064,Malina.Hessler@college.harvard.edu,2
Beatriz,Clara,15921985,Beatriz.Clara@college.harvard.edu,2
Carmencita,Mullane,10923218,Carmencita.Mullane@college.harvard.edu,2
Annora,Riva,16776558,Annora.Riva@college.harvard.edu,2
Cam,Roumell,16349829,Cam.Roumell@college.harvard.edu,2
Rori,Hebner,19289418,Rori.Hebner@college.harvard.edu,2
Melisent,Daveta,12394314,Melisent.Daveta@college.harvard.edu,2
Ashlee,Rurik,15452212,Ashlee.Rurik@college.harvard.edu,2
Mara,Alva,19709563,Mara.Alva@college.harvard.edu,2
Johna,Gunn,14787982,Johna.Gunn@college.harvard.edu,2
Karina,Demitria,13558041,Karina.Demitria@college.harvard.edu,2
Dede,Reinke,16737716,Dede.Reinke@college.harvard.edu,2
Vanessa,Ogren,10174272,Vanessa.Ogren@college.harvard.edu,2
Dulce,Hoban,16394788,Dulce.Hoban@college.harvard.edu,2
Viviene,Peg,12383317,Viviene.Peg@college.harvard.edu,2
Kial,Mott,15236360,Kial.Mott@college.harvard.edu,2
Nelle,Thar,11408415,Nelle.Thar@college.harvard.edu,2
Nikki,Norrie,15105613,Nikki.Norrie@college.harvard.edu,2
Letizia,Hartnett,13329529,Letizia.Hartnett@college.harvard.edu,2
Dulce,Toffic,12831699,Dulce.Toffic@college.harvard.edu,2
Elbertina,Sholley,19885130,Elbertina.Sholley@college.harvard.edu,2
Damaris,Ranjiv,16960175,Damaris.Ranjiv@college.harvard.edu,2
Roberta,Quinn,10382448,Roberta.Quinn@college.harvard.edu,2
Tori,Nedrud,17947983,Tori.Nedrud@college.harvard.edu,2
Rubie,Lay,11903255,Rubie.Lay@college.harvard.edu,2
Nyssa,Teddman,15402921,Nyssa.Teddman@college.harvard.edu,2
Sabina,Greyson,17067573,Sabina.Greyson@college.harvard.edu,2
Monika,Tamar,18565778,Monika.Tamar@college.harvard.edu,2
Shell,Nisbet,13303685,Shell.Nisbet@college.harvard.edu,2
Kassey,Linehan,14799851,Kassey.Linehan@college.harvard.edu,2
Janis,Yusuk,16678519,Janis.Yusuk@college.harvard.edu,2
Kayla,Kravits,11655959,Kayla.Kravits@college.harvard.edu,2
Sindee,Merat,19030500,Sindee.Merat@college.harvard.edu,2
Nelle,Toffic,19817961,Nelle.Toffic@college.harvard.edu,2
Felice,Harned,19046660,Felice.Harned@college.harvard.edu,2
Latisha,Armanda,14740383,Latisha.Armanda@college.harvard.edu,2
Danika,Stoller,13471182,Danika.Stoller@college.harvard.edu,2
Libbie,Aurelio,17477745,Libbie.Aurelio@college.harvard.edu,2
Gertrud,Shields,17950352,Gertrud.Shields@college.harvard.edu,2
Kristan,Noman,10708953,Kristan.Noman@college.harvard.edu,2
Marylou,Infield,19490021,Marylou.Infield@college.harvard.edu,2
Mady,Havens,14594162,Mady.Havens@college.harvard.edu,2
Maud,Raseda,12772023,Maud.Raseda@college.harvard.edu,2
Grier,Denis,15402532,Grier.Denis@college.harvard.edu,2
Joceline,Ursulette,14689932,Joceline.Ursulette@college.harvard.edu,2
Bee,Erich,16134294,Bee.Erich@college.harvard.edu,2
Britni,Ambrosia,16687023,Britni.Ambrosia@college.harvard.edu,2
Claresta,Toor,12626174,Claresta.Toor@college.harvard.edu,2
Verla,Slifka,14567629,Verla.Slifka@college.harvard.edu,2
Linet,Scammon,13208799,Linet.Scammon@college.harvard.edu,2
Katuscha,Darrell,14294305,Katuscha.Darrell@college.harvard.edu,2
Sophia,Howlyn,16896287,Sophia.Howlyn@college.harvard.edu,2
Etta,Guthrie,16163483,Etta.Guthrie@college.harvard.edu,2
Mary,Halla,16390221,Mary.Halla@college.harvard.edu,2
Annora,Mauer,14008654,Annora.Mauer@college.harvard.edu,2
Ursulina,Sandye,13713468,Ursulina.Sandye@college.harvard.edu,2
Steffane,Brenn,16886831,Steffane.Brenn@college.harvard.edu,2
Hyacinthe,Brian,15118067,Hyacinthe.Brian@college.harvard.edu,2
Babita,Ursulette,10084333,Babita.Ursulette@college.harvard.edu,2
Robinia,Raul,10889824,Robinia.Raul@college.harvard.edu,2
Damaris,Brunell,16201584,Damaris.Brunell@college.harvard.edu,2
Carree,Goode,16940144,Carree.Goode@college.harvard.edu,2
Alyssa,Sekofski,19162746,Alyssa.Sekofski@college.harvard.edu,2
Mahalia,Margret,10723368,Mahalia.Margret@college.harvard.edu,2
Janey,Anselmi,11096319,Janey.Anselmi@college.harvard.edu,2
Larine,Ardra,12884046,Larine.Ardra@college.harvard.edu,2
Adele,Teddman,12892207,Adele.Teddman@college.harvard.edu,2
Mureil,Ochs,11898412,Mureil.Ochs@college.harvard.edu,2
Nessie,Wilona,12736837,Nessie.Wilona@college.harvard.edu,2
Fina,Cookie,14052209,Fina.Cookie@college.harvard.edu,2
Di,Breed,13105368,Di.Breed@college.harvard.edu,2
Sara-Ann,Gregrory,13244934,Sara-Ann.Gregrory@college.harvard.edu,2
Bobinette,Bennie,13859484,Bobinette.Bennie@college.harvard.edu,2
Joelly,Orlene,12612672,Joelly.Orlene@college.harvard.edu,2
Cathyleen,Stanwood,13786369,Cathyleen.Stanwood@college.harvard.edu,2
Rosabelle,Ortrude,10842716,Rosabelle.Ortrude@college.harvard.edu,2
Hannis,Sprage,18680394,Hannis.Sprage@college.harvard.edu,2
Aurelie,Cookie,11399472,Aurelie.Cookie@college.harvard.edu,2
Keelia,Lytton,12320412,Keelia.Lytton@college.harvard.edu,2
Clary,Weinreb,13676235,Clary.Weinreb@college.harvard.edu,2
Ekaterina,Hubert,10486356,Ekaterina.Hubert@college.harvard.edu,2
Lexine,Donoghue,18997450,Lexine.Donoghue@college.harvard.edu,2
Lily,Wolfgram,10299445,Lily.Wolfgram@college.harvard.edu,2
Aimil,LaRue,13801988,Aimil.LaRue@college.harvard.edu,2
Phedra,Hessler,12430979,Phedra.Hessler@college.harvard.edu,2
Brynna,Wesle,15661423,Brynna.Wesle@college.harvard.edu,2
Dorice,Boycey,17692558,Dorice.Boycey@college.harvard.edu,2
Blake,Harl,14163696,Blake.Harl@college.harvard.edu,2
Sharlene,Alrich,15747058,Sharlene.Alrich@college.harvard.edu,2
Winifred,Dyche,17844048,Winifred.Dyche@college.harvard.edu,2
Jasmina,Monk,10551394,Jasmina.Monk@college.harvard.edu,2
Hayley,Thomasina,14250593,Hayley.Thomasina@college.harvard.edu,2
Gusty,Orlene,16824746,Gusty.Orlene@college.harvard.edu,2
Alie,Vanni,16326680,Alie.Vanni@college.harvard.edu,2
Lindie,Zenas,11854362,Lindie.Zenas@college.harvard.edu,2
Emilia,Amethist,16165129,Emilia.Amethist@college.harvard.edu,2
Dania,Neils,12578990,Dania.Neils@college.harvard.edu,2
Charissa,Delila,11952173,Charissa.Delila@college.harvard.edu,2
Edith,Yate,13452644,Edith.Yate@college.harvard.edu,2
Catrina,Hartnett,13896696,Catrina.Hartnett@college.harvard.edu,2
Chloris,Boycey,10505139,Chloris.Boycey@college.harvard.edu,2
Amalie,Lucienne,16143977,Amalie.Lucienne@college.harvard.edu,2
Odessa,Stelle,19016935,Odessa.Stelle@college.harvard.edu,2
Starla,Carri,17058857,Starla.Carri@college.harvard.edu,2
Myrtice,Leopold,14772626,Myrtice.Leopold@college.harvard.edu,2
Eve,Verger,17284534,Eve.Verger@college.harvard.edu,2
Bernie,Tristram,16206011,Bernie.Tristram@college.harvard.edu,2
Olivette,Rooney,12858263,Olivette.Rooney@college.harvard.edu,2
Britte,Greenwald,15592959,Britte.Greenwald@college.harvard.edu,2
Latisha,Lowry,15627752,Latisha.Lowry@college.harvard.edu,2
Angelique,Sholley,10355034,Angelique.Sholley@college.harvard.edu,2
Belinda,Daniele,17167468,Belinda.Daniele@college.harvard.edu,2
Marinna,Lubin,19679778,Marinna.Lubin@college.harvard.edu,2
Helena,Gert,13275436,Helena.Gert@college.harvard.edu,2
Dawn,Stilwell,17553201,Dawn.Stilwell@college.harvard.edu,2
Dawn,Kunin,12977263,Dawn.Kunin@college.harvard.edu,2
Fayre,Erich,15748763,Fayre.Erich@college.harvard.edu,2
Adore,Ferrell,14330046,Adore.Ferrell@college.harvard.edu,2
Luci,Hartnett,14353282,Luci.Hartnett@college.harvard.edu,2
Quintina,Ralfston,10073376,Quintina.Ralfston@college.harvard.edu,2
Tobe,Luhe,19471335,Tobe.Luhe@college.harvard.edu,2
Rhoda,Gale,14088915,Rhoda.Gale@college.harvard.edu,2
Tera,McLaughlin,11154176,Tera.McLaughlin@college.harvard.edu,2
Adelle,Nea,13071744,Adelle.Nea@college.harvard.edu,2
Gaylene,Chandler,12192844,Gaylene.Chandler@college.harvard.edu,2
Vevay,Timon,13203250,Vevay.Timon@college.harvard.edu,2
Kate,Selway,11613307,Kate.Selway@college.harvard.edu,2
