Deirdre,Khorma,11100518,Deirdre.Khorma@college.harvard.edu,3
Carolina,Ummersen,12399079,Carolina.Ummersen@college.harvard.edu,3
Moyna,Dorothy,12556187,Moyna.Dorothy@college.harvard.edu,3
Bernardine,Sophronia,16311101,Bernardine.Sophronia@college.harvard.edu,3
Heida,Izaak,13942697,Heida.Izaak@college.harvard.edu,3
Wynne,Baylor,12487005,Wynne.Baylor@college.harvard.edu,3
Merci,Louanna,14261672,Merci.Louanna@college.harvard.edu,3
Keelia,Ricki,11961947,Keelia.Ricki@college.harvard.edu,3
Emylee,Emmaline,17140291,Emylee.Emmaline@college.harvard.edu,3
Maridel,Madaih,10107444,Maridel.Madaih@college.harvard.edu,3
Jennica,Kiersten,15651397,Jennica.Kiersten@college.harvard.edu,3
Chickie,Chandler,17953550,Chickie.Chandler@college.harvard.edu,3
Roseline,Belanger,13040203,Roseline.Belanger@college.harvard.edu,3
Allis,Glenden,18548650,Allis.Glenden@college.harvard.edu,3
Jere,Rogerio,13250942,Jere.Rogerio@college.harvard.edu,3
Jasmina,Ader,14429841,Jasmina.Ader@college.harvard.edu,3
Giustina,Zrike,10243008,Giustina.Zrike@college.harvard.edu,3
Blake,Arathorn,18718806,Blake.Arathorn@college.harvard.edu,3
Beth,Kress,15596629,Beth.Kress@college.harvard.edu,3
Bibby,Halsey,19785346,Bibby.Halsey@college.harvard.edu,3
Rosanne,Graig,13501056,Rosanne.Graig@college.harvard.edu,3
Jeanna,Velick,10123917,Jeanna.Velick@college.harvard.edu,3
Hannis,Arquit,11659272,Hannis.Arquit@college.harvard.edu,3
Frieda,O'Rourke,17981599,Frieda.O'Rourke@college.harvard.edu,3
Britte,Yate,12685480,Britte.Yate@college.harvard.edu,3
Nollie,Clie,12582290,Nollie.Clie@college.harvard.edu,3
Hildegaard,Dearborn,16787469,Hildegaard.Dearborn@college.harvard.edu,3
Briney,Hoban,17562479,Briney.Hoban@college.harvard.edu,3
Deane,Malvino,15124670,Deane.Malvino@college.harvard.edu,3
Reeba,Anyah,13425993,Reeba.Anyah@college.harvard.edu,3
Netty,Jagir,17321044,Netty.Jagir@college.harvard.edu,3
Zsa Zsa,Lynn,17628953,Zsa Zsa.Lynn@college.harvard.edu,3
Vere,Mitzi,15866728,Vere.Mitzi@college.harvard.edu,3
Binny,Medrek,17630510,Binny.Medrek@college.harvard.edu,3
Magdalena,Yate,16477699,Magdalena.Yate@college.harvard.edu,3
Dacia,Harriman,13555102,Dacia.Harriman@college.harvard.edu,3
Ardenia,Chobot,14627170,Ardenia.Chobot@college.harvard.edu,3
Tarra,Emmy,19126333,Tarra.Emmy@college.harvard.edu,3
Aimil,Tacye,15221282,Aimil.Tacye@college.harvard.edu,3
Malina,Hessler,19374064,Malina.Hessler@college.harvard.edu,3
Yetty,Ralfston,17852222,Yetty.Ralfston@college.harvard.edu,3
Modestia,Center,12591112,Modestia.Center@college.harvard.edu,3
Susette,Kiersten,14398052,Susette.Kiersten@college.harvard.edu,3
Modestia,Hollingsworth,10118286,Modestia.Hollingsworth@college.harvard.edu,3
Georgina,Norrie,16152376,Georgina.Norrie@college.harvard.edu,3
Lolita,Esmaria,10966939,Lolita.Esmaria@college.harvard.edu,3
Ashlee,Rurik,15452212,Ashlee.Rurik@college.harvard.edu,3
Ann-Marie,Sherfield,12584791,Ann-Marie.Sherfield@college.harvard.edu,3
Allyce,Melony,14607204,Allyce.Melony@college.harvard.edu,3
Darlleen,Reidar,19734836,Darlleen.Reidar@college.harvard.edu,3
Karina,Septima,10705116,Karina.Septima@college.harvard.edu,3
Lenna,Gillan,16279900,Lenna.Gillan@college.harvard.edu,3
Tatiania,Jacobah,11556886,Tatiania.Jacobah@college.harvard.edu,3
Tamqrah,Melan,13452539,Tamqrah.Melan@college.harvard.edu,3
Lucille,Jalbert,17029227,Lucille.Jalbert@college.harvard.edu,3
Sherrie,Brenn,18386637,Sherrie.Brenn@college.harvard.edu,3
Viviene,Peg,12383317,Viviene.Peg@college.harvard.edu,3
Ketti,Tiffa,15469152,Ketti.Tiffa@college.harvard.edu,3
Valera,Rooney,13314483,Valera.Rooney@college.harvard.edu,3
Raf,Strephon,10878788,Raf.Strephon@college.harvard.edu,3
Alie,Berne,11844463,Alie.Berne@college.harvard.edu,3
Bobbi,Gusella,19319004,Bobbi.Gusella@college.harvard.edu,3
Damaris,Ranjiv,16960175,Damaris.Ranjiv@college.harvard.edu,3
Sabina,Greyson,17067573,Sabina.Greyson@college.harvard.edu,3
Jordan,Duwalt,16554351,Jordan.Duwalt@college.harvard.edu,3
Elvira,Trace,18261690,Elvira.Trace@college.harvard.edu,3
Babita,Sammons,18809302,Babita.Sammons@college.harvard.edu,3
Dotty,Ciapas,18158965,Dotty.Ciapas@college.harvard.edu,3
Chrystel,Colyer,11636294,Chrystel.Colyer@college.harvard.edu,3
Cristabel,Pierette,17574869,Cristabel.Pierette@college.harvard.edu,3
Louella,Madox,16677976,Louella.Madox@college.harvard.edu,3
Angela,Shaver,16805573,Angela.Shaver@college.harvard.edu,3
Odessa,Oriana,17680275,Odessa.Oriana@college.harvard.edu,3
Marita,Milson,19499614,Marita.Milson@college.harvard.edu,3
Karlee,Schonfeld,19820706,Karlee.Schonfeld@college.harvard.edu,3
Elise,Swigart,12982913,Elise.Swigart@college.harvard.edu,3
Atlanta,Arley,10870863,Atlanta.Arley@college.harvard.edu,3
Shandie,Shanley,19498550,Shandie.Shanley@college.harvard.edu,3
Lanna,Ax,12109866,Lanna.Ax@college.harvard.edu,3
Max,Stefa,11386392,Max.Stefa@college.harvard.edu,3
Roz,Pattin,16693374,Roz.Pattin@college.harvard.edu,3
Katuscha,Jefferey,12413018,Katuscha.Jefferey@college.harvard.edu,3
Gerrie,Wesle,10902416,Gerrie.Wesle@college.harvard.edu,3
Steffane,Trey,17371149,Steffane.Trey@college.harvard.edu,3
Selia,Zaslow,12407592,Selia.Zaslow@college.harvard.edu,3
Danika,Stoller,13471182,Danika.Stoller@college.harvard.edu,3
Winifred,Lucienne,11379553,Winifred.Lucienne@college.harvard.edu,3
Eugine,Eiser,16971890,Eugine.Eiser@college.harvard.edu,3
Sara-Ann,Stav,11821726,Sara-Ann.Stav@college.harvard.edu,3
Clarice,Ackerley,11203148,Clarice.Ackerley@college.harvard.edu,3
Tomasina,Hoban,15333981,Tomasina.Hoban@college.harvard.edu,3
Alyssa,Hoban,17262109,Alyssa.Hoban@college.harvard.edu,3
Larine,Thornburg,12280773,Larine.Thornburg@college.harvard.edu,3
Camile,Jaylene,17882248,Camile.Jaylene@college.harvard.edu,3
Joceline,Ursulette,14689932,Joceline.Ursulette@college.harvard.edu,3
Gavrielle,Redmond,13539441,Gavrielle.Redmond@college.harvard.edu,3
Andree,Vittoria,15564574,Andree.Vittoria@college.harvard.edu,3
Etta,Guthrie,16163483,Etta.Guthrie@college.harvard.edu,3
Augustine,Thomasina,12515035,Augustine.Thomasina@college.harvard.edu,3
Stevana,Lauraine,17552406,Stevana.Lauraine@college.harvard.edu,3
Marsiella,Luhe,19570569,Marsiella.Luhe@college.harvard.edu,3
Cacilie,Garlinda,15591055,Cacilie.Garlinda@college.harvard.edu,3
Kirstin,Gibbeon,17320478,Kirstin.Gibbeon@college.harvard.edu,3
Blondelle,Lymann,15242351,Blondelle.Lymann@college.harvard.edu,3
Cacilie,Maroney,18986461,Cacilie.Maroney@college.harvard.edu,3
Ariela,Burnside,13938255,Ariela.Burnside@college.harvard.edu,3
Joane,Hourigan,16156345,Joane.Hourigan@college.harvard.edu,3
Arlina,Erich,18659871,Arlina.Erich@college.harvard.edu,3
Nessie,Wilona,12736837,Nessie.Wilona@college.harvard.edu,3
Jenilee,Alexandr,12808702,Jenilee.Alexandr@college.harvard.edu,3
Genevra,Hoban,10988421,Genevra.Hoban@college.harvard.edu,3
Belinda,Clara,13595490,Belinda.Clara@college.harvard.edu,3
Isa,Goerke,12822033,Isa.Goerke@college.harvard.edu,3
Merle,Justinn,18652311,Merle.Justinn@college.harvard.edu,3
Frances,Hilbert,17327449,Frances.Hilbert@college.harvard.edu,3
Trixi,Colp,13936750,Trixi.Colp@college.harvard.edu,3
Joy,Bethany,14229598,Joy.Bethany@college.harvard.edu,3
Gerianna,Ehrman,13809131,Gerianna.Ehrman@college.harvard.edu,3
Jeanna,Oster,12199161,Jeanna.Oster@college.harvard.edu,3
Olwen,Izaak,13169686,Olwen.Izaak@college.harvard.edu,3
Nariko,Donoghue,14974061,Nariko.Donoghue@college.harvard.edu,3
Aili,Berl,14282080,Aili.Berl@college.harvard.edu,3
Delilah,Martsen,10002920,Delilah.Martsen@college.harvard.edu,3
June,Helfand,12262469,June.Helfand@college.harvard.edu,3
Dianemarie,Kazimir,18044706,Dianemarie.Kazimir@college.harvard.edu,3
Tersina,Ade,14298315,Tersina.Ade@college.harvard.edu,3
Esmeralda,Ammann,10726172,Esmeralda.Ammann@college.harvard.edu,3
Estell,Roscoe,11583296,Estell.Roscoe@college.harvard.edu,3
Starla,Corilla,13798613,Starla.Corilla@college.harvard.edu,3
Kassey,Tybald,12263091,Kassey.Tybald@college.harvard.edu,3
Ulrike,Teddman,15652039,Ulrike.Teddman@college.harvard.edu,3
Demetris,Grosz,16722374,Demetris.Grosz@college.harvard.edu,3
