Gale,Hermes,10553554,Gale.Hermes@college.harvard.edu,3
Emylee,Emmaline,17140291,Emylee.Emmaline@college.harvard.edu,3
Carmencita,Drisko,17368711,Carmencita.Drisko@college.harvard.edu,3
Jennica,Kiersten,15651397,Jennica.Kiersten@college.harvard.edu,3
Belva,Wenoa,13029453,Belva.Wenoa@college.harvard.edu,3
Heddie,Newell,14364128,Heddie.Newell@college.harvard.edu,3
Brietta,Primalia,16916977,Brietta.Primalia@college.harvard.edu,3
Tersina,Roscoe,10434851,Tersina.Roscoe@college.harvard.edu,3
Marti,Flyn,15811996,Marti.Flyn@college.harvard.edu,3
Nicoli,Rugen,11798238,Nicoli.Rugen@college.harvard.edu,3
Glenda,Carmena,16836397,Glenda.Carmena@college.harvard.edu,3
Raf,Sprage,15721990,Raf.Sprage@college.harvard.edu,3
Beatriz,Stover,15517463,Beatriz.Stover@college.harvard.edu,3
Nannie,Zetta,16190963,Nannie.Zetta@college.harvard.edu,3
Priscilla,Vale,13265824,Priscilla.Vale@college.harvard.edu,3
Giustina,Zrike,10243008,Giustina.Zrike@college.harvard.edu,3
Gwenneth,Pacorro,16307471,Gwenneth.Pacorro@college.harvard.edu,3
Fanchon,Lewes,19289772,Fanchon.Lewes@college.harvard.edu,3
Lila,Shanley,12740931,Lila.Shanley@college.harvard.edu,3
Rosene,Artie,14866879,Rosene.Artie@college.harvard.edu,3
Rivalee,Willie,15107055,Rivalee.Willie@college.harvard.edu,3
Korrie,Berl,16614900,Korrie.Berl@college.harvard.edu,3
Hannis,Arquit,11659272,Hannis.Arquit@college.harvard.edu,3
Siana,Soneson,17998677,Siana.Soneson@college.harvard.edu,3
Xylina,Guildroy,16246904,Xylina.Guildroy@college.harvard.edu,3
Mady,Larochelle,14035179,Mady.Larochelle@college.harvard.edu,3
Betta,Zachary,10062689,Betta.Zachary@college.harvard.edu,3
Lyssa,Timon,19679574,Lyssa.Timon@college.harvard.edu,3
Rubie,Allare,17495367,Rubie.Allare@college.harvard.edu,3
Lanae,Arley,18467116,Lanae.Arley@college.harvard.edu,3
Marline,Himelman,18829950,Marline.Himelman@college.harvard.edu,3
Karlee,Freddi,12962460,Karlee.Freddi@college.harvard.edu,3
Loree,Damarra,17314349,Loree.Damarra@college.harvard.edu,3
Aimil,Reneta,11416674,Aimil.Reneta@college.harvard.edu,3
Rhoda,Mathilde,11529282,Rhoda.Mathilde@college.harvard.edu,3
Camile,Noelyn,15734485,Camile.Noelyn@college.harvard.edu,3
Caryl,Gabrielli,11664492,Caryl.Gabrielli@college.harvard.edu,3
Aaren,Timon,18630067,Aaren.Timon@college.harvard.edu,3
Monika,Allare,16411504,Monika.Allare@college.harvard.edu,3
Yetty,Ralfston,17852222,Yetty.Ralfston@college.harvard.edu,3
Ida,Linehan,18798588,Ida.Linehan@college.harvard.edu,3
Chere,Neva,10493179,Chere.Neva@college.harvard.edu,3
Susette,Kiersten,14398052,Susette.Kiersten@college.harvard.edu,3
Valli,Cath,18748627,Valli.Cath@college.harvard.edu,3
Jany,Chick,16714167,Jany.Chick@college.harvard.edu,3
Bertine,Viddah,15471520,Bertine.Viddah@college.harvard.edu,3
Kayla,Kaete,11745772,Kayla.Kaete@college.harvard.edu,3
Laure,Shama,16817632,Laure.Shama@college.harvard.edu,3
Aeriela,Lanita,12740103,Aeriela.Lanita@college.harvard.edu,3
Lorenza,Koehler,18869543,Lorenza.Koehler@college.harvard.edu,3
Renie,Pettiford,11890478,Renie.Pettiford@college.harvard.edu,3
Allyce,Kathie,17267839,Allyce.Kathie@college.harvard.edu,3
Lucille,Jalbert,17029227,Lucille.Jalbert@college.harvard.edu,3
Meg,Alice,16445431,Meg.Alice@college.harvard.edu,3
Charissa,Celestine,19960389,Charissa.Celestine@college.harvard.edu,3
Siana,Ciapas,16454736,Siana.Ciapas@college.harvard.edu,3
Kirstin,Ruvolo,10796580,Kirstin.Ruvolo@college.harvard.edu,3
Valera,Rooney,13314483,Valera.Rooney@college.harvard.edu,3
Sybille,Valoniah,15672703,Sybille.Valoniah@college.harvard.edu,3
Jenilee,Ammann,11561470,Jenilee.Ammann@college.harvard.edu,3
Penelopa,Honoria,15128348,Penelopa.Honoria@college.harvard.edu,3
Clarice,Blase,11814082,Clarice.Blase@college.harvard.edu,3
Alie,Berne,11844463,Alie.Berne@college.harvard.edu,3
Christal,Cavan,17325343,Christal.Cavan@college.harvard.edu,3
Leanna,Kristi,13223277,Leanna.Kristi@college.harvard.edu,3
Goldie,Chaing,15047337,Goldie.Chaing@college.harvard.edu,3
Lelah,Gabrielli,14213291,Lelah.Gabrielli@college.harvard.edu,3
Audrie,Smitt,18043967,Audrie.Smitt@college.harvard.edu,3
Chrystel,Colyer,11636294,Chrystel.Colyer@college.harvard.edu,3
Leia,Peg,10541191,Leia.Peg@college.harvard.edu,3
Ketti,Ingra,17136288,Ketti.Ingra@college.harvard.edu,3
Kore,Amadas,18950083,Kore.Amadas@college.harvard.edu,3
Tersina,Haerr,14226515,Tersina.Haerr@college.harvard.edu,3
Gabi,Eno,11189874,Gabi.Eno@college.harvard.edu,3
Caryl,Lemuela,19722099,Caryl.Lemuela@college.harvard.edu,3
Dennie,Roche,18278804,Dennie.Roche@college.harvard.edu,3
Tabbatha,Dreda,18799150,Tabbatha.Dreda@college.harvard.edu,3
Roz,Pattin,16693374,Roz.Pattin@college.harvard.edu,3
Lisette,Adalbert,18495589,Lisette.Adalbert@college.harvard.edu,3
Steffane,Trey,17371149,Steffane.Trey@college.harvard.edu,3
Sabina,Leonard,18537336,Sabina.Leonard@college.harvard.edu,3
Ginnie,August,10028149,Ginnie.August@college.harvard.edu,3
Susette,Yusuk,10166544,Susette.Yusuk@college.harvard.edu,3
Nananne,Gabrielli,19970181,Nananne.Gabrielli@college.harvard.edu,3
Correy,Xerxes,13107323,Correy.Xerxes@college.harvard.edu,3
Winifred,Lucienne,11379553,Winifred.Lucienne@college.harvard.edu,3
Kirstin,Edvard,10389386,Kirstin.Edvard@college.harvard.edu,3
Shandie,Daegal,16683798,Shandie.Daegal@college.harvard.edu,3
Marcy,Anis,14014954,Marcy.Anis@college.harvard.edu,3
Daryl,Millda,14506858,Daryl.Millda@college.harvard.edu,3
Sue,Etom,10494732,Sue.Etom@college.harvard.edu,3
Lexine,Schroth,12373036,Lexine.Schroth@college.harvard.edu,3
Halette,Klotz,18782640,Halette.Klotz@college.harvard.edu,3
Vere,Rona,17915729,Vere.Rona@college.harvard.edu,3
Ulrike,Kenwood,18096180,Ulrike.Kenwood@college.harvard.edu,3
Almeta,Clara,15707621,Almeta.Clara@college.harvard.edu,3
Frances,Virgin,13053425,Frances.Virgin@college.harvard.edu,3
Vinita,Jess,18802249,Vinita.Jess@college.harvard.edu,3
Pierette,Toni,15272379,Pierette.Toni@college.harvard.edu,3
Rosaline,Tiffa,16630925,Rosaline.Tiffa@college.harvard.edu,3
Jessy,Even,13439302,Jessy.Even@college.harvard.edu,3
Ariela,Pyle,10042545,Ariela.Pyle@college.harvard.edu,3
Violet,Means,17766129,Violet.Means@college.harvard.edu,3
Marleah,Miru,16850946,Marleah.Miru@college.harvard.edu,3
Reeba,Giule,10967953,Reeba.Giule@college.harvard.edu,3
Katuscha,Greyson,13538431,Katuscha.Greyson@college.harvard.edu,3
Brana,Morrill,15793104,Brana.Morrill@college.harvard.edu,3
Nonnah,Faso,16693026,Nonnah.Faso@college.harvard.edu,3
Valli,Stav,15742963,Valli.Stav@college.harvard.edu,3
Sarette,Ries,16930019,Sarette.Ries@college.harvard.edu,3
Lexine,Cassius,14042287,Lexine.Cassius@college.harvard.edu,3
Kirstin,Stilwell,18754355,Kirstin.Stilwell@college.harvard.edu,3
Demetris,Maurine,15852741,Demetris.Maurine@college.harvard.edu,3
Dorene,Breed,15189851,Dorene.Breed@college.harvard.edu,3
Hyacinthe,Drus,14118264,Hyacinthe.Drus@college.harvard.edu,3
Claresta,Braun,15228995,Claresta.Braun@college.harvard.edu,3
Lanae,Naashom,13950144,Lanae.Naashom@college.harvard.edu,3
Amalie,Deegan,17367873,Amalie.Deegan@college.harvard.edu,3
Giustina,Mozelle,10619083,Giustina.Mozelle@college.harvard.edu,3
Lolita,Letsou,16031704,Lolita.Letsou@college.harvard.edu,3
Tobe,Alejoa,11397089,Tobe.Alejoa@college.harvard.edu,3
Deane,Valoniah,17786692,Deane.Valoniah@college.harvard.edu,3
Kate,Kannry,14745114,Kate.Kannry@college.harvard.edu,3
Rubie,Marijo,15074851,Rubie.Marijo@college.harvard.edu,3
Cristine,Pond,16467043,Cristine.Pond@college.harvard.edu,3
Aigneis,Halla,12008990,Aigneis.Halla@college.harvard.edu,3
Lucille,Nadia,12287993,Lucille.Nadia@college.harvard.edu,3
Barbara,Henrie,19278933,Barbara.Henrie@college.harvard.edu,3
Susan,Granoff,18586304,Susan.Granoff@college.harvard.edu,3
Lynea,Manolo,12962995,Lynea.Manolo@college.harvard.edu,3
Charissa,Kiersten,15314929,Charissa.Kiersten@college.harvard.edu,3
Belinda,Linskey,19533199,Belinda.Linskey@college.harvard.edu,3
Frances,Hilbert,17327449,Frances.Hilbert@college.harvard.edu,3
Delilah,Wilkinson,14720800,Delilah.Wilkinson@college.harvard.edu,3
Caritta,Adamsen,19690657,Caritta.Adamsen@college.harvard.edu,3
Rubie,Juan,12579933,Rubie.Juan@college.harvard.edu,3
Nariko,Donoghue,14974061,Nariko.Donoghue@college.harvard.edu,3
Joleen,Halsey,14862378,Joleen.Halsey@college.harvard.edu,3
Andeee,Atonsah,14082251,Andeee.Atonsah@college.harvard.edu,3
Paulita,Prouty,15145770,Paulita.Prouty@college.harvard.edu,3
Claresta,Monaco,10359657,Claresta.Monaco@college.harvard.edu,3
Sherrie,Khorma,19338831,Sherrie.Khorma@college.harvard.edu,3
Jessamyn,Juan,16352586,Jessamyn.Juan@college.harvard.edu,3
Ivett,Andrel,18757525,Ivett.Andrel@college.harvard.edu,3
Chrystel,Noam,13872643,Chrystel.Noam@college.harvard.edu,3
Rosanne,Amethist,10610282,Rosanne.Amethist@college.harvard.edu,3
Therine,Ezar,10098113,Therine.Ezar@college.harvard.edu,3
Tori,Garbe,10516444,Tori.Garbe@college.harvard.edu,3
Juliane,Sandye,18905167,Juliane.Sandye@college.harvard.edu,3
Jennica,Richers,15184506,Jennica.Richers@college.harvard.edu,3
Olwen,Jacqui,15711734,Olwen.Jacqui@college.harvard.edu,3
Aaren,Shanley,15283874,Aaren.Shanley@college.harvard.edu,3
Krystle,Nadia,12642540,Krystle.Nadia@college.harvard.edu,3
Yvonne,Friede,12443357,Yvonne.Friede@college.harvard.edu,3
Belinda,Dearborn,19309341,Belinda.Dearborn@college.harvard.edu,3
Christy,Ellord,13411966,Christy.Ellord@college.harvard.edu,3
Danika,Jotham,12449088,Danika.Jotham@college.harvard.edu,3
Darci,Dorine,15480212,Darci.Dorine@college.harvard.edu,3
Marguerite,Annabella,14188209,Marguerite.Annabella@college.harvard.edu,3
Winny,Weitman,13543075,Winny.Weitman@college.harvard.edu,3
Ilse,Rona,12708712,Ilse.Rona@college.harvard.edu,3
Stephanie,Kravits,11417888,Stephanie.Kravits@college.harvard.edu,3
Zondra,Helve,15060069,Zondra.Helve@college.harvard.edu,3
Jerry,Duwalt,13663804,Jerry.Duwalt@college.harvard.edu,3
Brena,Greyson,19163972,Brena.Greyson@college.harvard.edu,3
Glynnis,Alrich,16101525,Glynnis.Alrich@college.harvard.edu,3
Cindelyn,Pelagias,16266769,Cindelyn.Pelagias@college.harvard.edu,3
Kristina,Roscoe,17390121,Kristina.Roscoe@college.harvard.edu,3
Nyssa,Longfellow,16028266,Nyssa.Longfellow@college.harvard.edu,3
Allis,Halsey,15226344,Allis.Halsey@college.harvard.edu,3
Leanna,Terencio,10279646,Leanna.Terencio@college.harvard.edu,3
Kittie,Taima,12266700,Kittie.Taima@college.harvard.edu,3
Ursulina,Charmine,17843792,Ursulina.Charmine@college.harvard.edu,3
Wilma,Justinn,10037489,Wilma.Justinn@college.harvard.edu,3
Larine,Wolfgram,13603911,Larine.Wolfgram@college.harvard.edu,3
Aeriela,Colbert,16741827,Aeriela.Colbert@college.harvard.edu,3
Gerrie,Morrill,14919551,Gerrie.Morrill@college.harvard.edu,3
Kayla,Hachmin,10673577,Kayla.Hachmin@college.harvard.edu,3
Frank,Kathie,16862194,Frank.Kathie@college.harvard.edu,3
Ingrid,Eachern,12490247,Ingrid.Eachern@college.harvard.edu,3
Justinn,Shaddock,11087272,Justinn.Shaddock@college.harvard.edu,3
Talya,Ciapas,10195951,Talya.Ciapas@college.harvard.edu,3
Nita,Engdahl,12930901,Nita.Engdahl@college.harvard.edu,3
Jacquetta,McAdams,11054765,Jacquetta.McAdams@college.harvard.edu,3
Cathyleen,Sholley,16958010,Cathyleen.Sholley@college.harvard.edu,3
Millie,Reidar,17097091,Millie.Reidar@college.harvard.edu,3
Gilda,Brieta,11581271,Gilda.Brieta@college.harvard.edu,3
