Priscilla,Geffner,14666772,Priscilla.Geffner@college.harvard.edu,4
Carly,Haymes,10825876,Carly.Haymes@college.harvard.edu,4
Chloris,Shaddock,14456015,Chloris.Shaddock@college.harvard.edu,4
Chrystel,Borrell,16164885,Chrystel.Borrell@college.harvard.edu,4
Melina,Jethro,15840321,Melina.Jethro@college.harvard.edu,4
Dorene,Jalbert,17402190,Dorene.Jalbert@college.harvard.edu,4
Mureil,McLaughlin,16406290,Mureil.McLaughlin@college.harvard.edu,4
Luci,Dulciana,17658485,Luci.Dulciana@college.harvard.edu,4
Clarice,Kellby,15104822,Clarice.Kellby@college.harvard.edu,4
Lacie,Hartnett,18592300,Lacie.Hartnett@college.harvard.edu,4
Phedra,Daegal,14322765,Phedra.Daegal@college.harvard.edu,4
Xylina,Yorick,18703690,Xylina.Yorick@college.harvard.edu,4
Mady,Kunin,16516136,Mady.Kunin@college.harvard.edu,4
Priscilla,Blisse,17187246,Priscilla.Blisse@college.harvard.edu,4
Althea,Ingra,14546027,Althea.Ingra@college.harvard.edu,4
Alex,Clie,11202302,Alex.Clie@college.harvard.edu,4
Vinita,Tristram,17439041,Vinita.Tristram@college.harvard.edu,4
Cissiee,Ehrman,16000436,Cissiee.Ehrman@college.harvard.edu,4
Ayn,Tjon,11108293,Ayn.Tjon@college.harvard.edu,4
Bettine,Niccolo,12587420,Bettine.Niccolo@college.harvard.edu,4
Rozele,Cleavland,15945516,Rozele.Cleavland@college.harvard.edu,4
Beth,Kress,15596629,Beth.Kress@college.harvard.edu,4
Ruthe,Dannye,17566782,Ruthe.Dannye@college.harvard.edu,4
Raina,Kristi,19694978,Raina.Kristi@college.harvard.edu,4
Belinda,Iiette,13087109,Belinda.Iiette@college.harvard.edu,4
Britte,Yate,12685480,Britte.Yate@college.harvard.edu,4
Latisha,Fink,18665119,Latisha.Fink@college.harvard.edu,4
Fayre,Dawkins,12600497,Fayre.Dawkins@college.harvard.edu,4
Shell,Elvyn,18673040,Shell.Elvyn@college.harvard.edu,4
Violet,Pearse,16987852,Violet.Pearse@college.harvard.edu,4
Tracey,Hartnett,12769868,Tracey.Hartnett@college.harvard.edu,4
Myriam,Fabiola,13646566,Myriam.Fabiola@college.harvard.edu,4
Vere,Mitzi,15866728,Vere.Mitzi@college.harvard.edu,4
Binny,Medrek,17630510,Binny.Medrek@college.harvard.edu,4
Claresta,Nahum,10315953,Claresta.Nahum@college.harvard.edu,4
Ottilie,Codding,12467150,Ottilie.Codding@college.harvard.edu,4
Roxane,Pitt,18385898,Roxane.Pitt@college.harvard.edu,4
Carly,Hebner,11834210,Carly.Hebner@college.harvard.edu,4
Aimil,Constancy,10888866,Aimil.Constancy@college.harvard.edu,4
Mahalia,Hilbert,15163827,Mahalia.Hilbert@college.harvard.edu,4
Riannon,Raseda,13800219,Riannon.Raseda@college.harvard.edu,4
Almeta,Erich,15984018,Almeta.Erich@college.harvard.edu,4
Heddie,Drus,14151283,Heddie.Drus@college.harvard.edu,4
Deedee,Dunkin,10220203,Deedee.Dunkin@college.harvard.edu,4
Farrah,Kronfeld,13465275,Farrah.Kronfeld@college.harvard.edu,4
Mady,Ferrell,13518774,Mady.Ferrell@college.harvard.edu,4
Minne,Melan,18978146,Minne.Melan@college.harvard.edu,4
Tarra,Hessler,14325727,Tarra.Hessler@college.harvard.edu,4
Emylee,Felecia,19931607,Emylee.Felecia@college.harvard.edu,4
Benita,Zola,18055753,Benita.Zola@college.harvard.edu,4
Vivia,Marden,17397965,Vivia.Marden@college.harvard.edu,4
Aigneis,Bartlett,18616245,Aigneis.Bartlett@college.harvard.edu,4
Lenna,Gillan,16279900,Lenna.Gillan@college.harvard.edu,4
Latisha,Aaberg,14259647,Latisha.Aaberg@college.harvard.edu,4
Sarette,Albertine,14845125,Sarette.Albertine@college.harvard.edu,4
Marita,Linehan,19612251,Marita.Linehan@college.harvard.edu,4
Nerta,Modie,11532864,Nerta.Modie@college.harvard.edu,4
Evaleen,Cassius,14474086,Evaleen.Cassius@college.harvard.edu,4
Shirlee,Harl,10033912,Shirlee.Harl@college.harvard.edu,4
Raquela,Chaing,19614740,Raquela.Chaing@college.harvard.edu,4
Ivett,Genna,12257334,Ivett.Genna@college.harvard.edu,4
Dianemarie,Naashom,15387105,Dianemarie.Naashom@college.harvard.edu,4
Carmencita,Loeb,13019127,Carmencita.Loeb@college.harvard.edu,4
Elvira,Trace,18261690,Elvira.Trace@college.harvard.edu,4
Annaliese,Alejoa,13470073,Annaliese.Alejoa@college.harvard.edu,4
Edee,Rogerio,13735216,Edee.Rogerio@college.harvard.edu,4
Margalo,Bari,11217190,Margalo.Bari@college.harvard.edu,4
Elise,Swigart,12982913,Elise.Swigart@college.harvard.edu,4
Aubrie,Bergman,16604704,Aubrie.Bergman@college.harvard.edu,4
Atlanta,Arley,10870863,Atlanta.Arley@college.harvard.edu,4
Ethel,Pozzy,19426730,Ethel.Pozzy@college.harvard.edu,4
Shandie,Shanley,19498550,Shandie.Shanley@college.harvard.edu,4
Joelly,Gaynor,19662517,Joelly.Gaynor@college.harvard.edu,4
Lolita,Gunn,19917300,Lolita.Gunn@college.harvard.edu,4
Harrietta,Ursulette,14247405,Harrietta.Ursulette@college.harvard.edu,4
Allyce,Kannry,19389781,Allyce.Kannry@college.harvard.edu,4
Britni,Morgun,16091293,Britni.Morgun@college.harvard.edu,4
Rivalee,Celestine,15722847,Rivalee.Celestine@college.harvard.edu,4
Ebonee,Greyson,16236809,Ebonee.Greyson@college.harvard.edu,4
Pamella,LaRue,16359178,Pamella.LaRue@college.harvard.edu,4
Joelly,Leopold,19144283,Joelly.Leopold@college.harvard.edu,4
Selia,Zaslow,12407592,Selia.Zaslow@college.harvard.edu,4
Julieta,Idelia,14931747,Julieta.Idelia@college.harvard.edu,4
Oona,Poppy,10759389,Oona.Poppy@college.harvard.edu,4
Elyssa,Joeann,15017882,Elyssa.Joeann@college.harvard.edu,4
Jean,Ralfston,18966433,Jean.Ralfston@college.harvard.edu,4
Eugine,Eiser,16971890,Eugine.Eiser@college.harvard.edu,4
Janis,Chandler,13382744,Janis.Chandler@college.harvard.edu,4
Sabina,Carmena,18244992,Sabina.Carmena@college.harvard.edu,4
Deane,Auberbach,10805806,Deane.Auberbach@college.harvard.edu,4
Eolanda,Fairweather,12960197,Eolanda.Fairweather@college.harvard.edu,4
Wileen,Donoghue,10603081,Wileen.Donoghue@college.harvard.edu,4
Tami,Anton,11905579,Tami.Anton@college.harvard.edu,4
Tami,Bandeen,15853144,Tami.Bandeen@college.harvard.edu,4
Mireielle,Anselmi,13980421,Mireielle.Anselmi@college.harvard.edu,4
Elsie,Wind,14918724,Elsie.Wind@college.harvard.edu,4
Larine,Thornburg,12280773,Larine.Thornburg@college.harvard.edu,4
Corina,Egbert,18200203,Corina.Egbert@college.harvard.edu,4
Merrie,Sprage,19758014,Merrie.Sprage@college.harvard.edu,4
Belva,Even,16032558,Belva.Even@college.harvard.edu,4
Kathi,Millda,15187822,Kathi.Millda@college.harvard.edu,4
Sabina,Arley,15914055,Sabina.Arley@college.harvard.edu,4
Gavrielle,Rustice,16139691,Gavrielle.Rustice@college.harvard.edu,4
Adele,Isidore,13627838,Adele.Isidore@college.harvard.edu,4
Adelle,Kiyoshi,16519622,Adelle.Kiyoshi@college.harvard.edu,4
Vere,Eugenia,19232551,Vere.Eugenia@college.harvard.edu,4
Cacilie,Maroney,18986461,Cacilie.Maroney@college.harvard.edu,4
Maye,Burch,10806650,Maye.Burch@college.harvard.edu,4
Karina,Bennie,17742510,Karina.Bennie@college.harvard.edu,4
Gale,Shirberg,12853832,Gale.Shirberg@college.harvard.edu,4
Elbertina,Ackerley,11482719,Elbertina.Ackerley@college.harvard.edu,4
Vita,Winnick,13969592,Vita.Winnick@college.harvard.edu,4
Asia,Tamsky,17979892,Asia.Tamsky@college.harvard.edu,4
Delilah,Keelia,10348937,Delilah.Keelia@college.harvard.edu,4
Dulce,Carey,13061838,Dulce.Carey@college.harvard.edu,4
Henriette,Carlson,17471568,Henriette.Carlson@college.harvard.edu,4
Belinda,Clara,13595490,Belinda.Clara@college.harvard.edu,4
Neila,Schroth,19328826,Neila.Schroth@college.harvard.edu,4
Oralee,Donell,19545303,Oralee.Donell@college.harvard.edu,4
Laurene,Christine,13292895,Laurene.Christine@college.harvard.edu,4
Hollie,Hanleigh,12978626,Hollie.Hanleigh@college.harvard.edu,4
Nerta,Anastatius,10555742,Nerta.Anastatius@college.harvard.edu,4
Riannon,Wattenberg,18531901,Riannon.Wattenberg@college.harvard.edu,4
Nanete,Knowling,14484916,Nanete.Knowling@college.harvard.edu,4
Binny,Ardra,18676033,Binny.Ardra@college.harvard.edu,4
Nessie,Anyah,12191748,Nessie.Anyah@college.harvard.edu,4
Ericka,Harned,12396249,Ericka.Harned@college.harvard.edu,4
Giustina,Knowling,12201464,Giustina.Knowling@college.harvard.edu,4
Bobbi,Mendez,11782836,Bobbi.Mendez@college.harvard.edu,4
Sherrie,Joachim,18392376,Sherrie.Joachim@college.harvard.edu,4
Ricky,Merat,15679591,Ricky.Merat@college.harvard.edu,4
Molli,Bevin,16080217,Molli.Bevin@college.harvard.edu,4
Lauryn,Jalbert,15950162,Lauryn.Jalbert@college.harvard.edu,4
Ottilie,Johnsson,19616157,Ottilie.Johnsson@college.harvard.edu,4
Rosaline,Kirstin,15998034,Rosaline.Kirstin@college.harvard.edu,4
Linzy,Karl,12725193,Linzy.Karl@college.harvard.edu,4
Kassey,Tybald,12263091,Kassey.Tybald@college.harvard.edu,4
Felice,Bivins,15529454,Felice.Bivins@college.harvard.edu,4
Dulce,Burch,18908062,Dulce.Burch@college.harvard.edu,4
Giustina,Imelida,14146407,Giustina.Imelida@college.harvard.edu,4
Mamie,Beniamino,14915220,Mamie.Beniamino@college.harvard.edu,4
Laure,Romelda,17000645,Laure.Romelda@college.harvard.edu,4
Devina,Shirberg,14575263,Devina.Shirberg@college.harvard.edu,4
Annabela,Tound,12690522,Annabela.Tound@college.harvard.edu,4
Janis,Ophelia,11406986,Janis.Ophelia@college.harvard.edu,4
Rosabelle,Hebner,18539959,Rosabelle.Hebner@college.harvard.edu,4
Bernardine,Erminia,19143104,Bernardine.Erminia@college.harvard.edu,4
Kaja,Shaver,18065087,Kaja.Shaver@college.harvard.edu,4
Selia,Leler,10779599,Selia.Leler@college.harvard.edu,4
Corly,Harl,12833842,Corly.Harl@college.harvard.edu,4
Fidelia,Martguerita,13153624,Fidelia.Martguerita@college.harvard.edu,4
Ellette,Skurnik,17920533,Ellette.Skurnik@college.harvard.edu,4
Cherilyn,Egbert,11969863,Cherilyn.Egbert@college.harvard.edu,4
Aryn,Yerkovich,14900582,Aryn.Yerkovich@college.harvard.edu,4
Fredericka,Clara,15308749,Fredericka.Clara@college.harvard.edu,4
Charlena,Curren,14208326,Charlena.Curren@college.harvard.edu,4
Emelina,Hachmin,18917186,Emelina.Hachmin@college.harvard.edu,4
Allis,Couture,18620374,Allis.Couture@college.harvard.edu,4
Concettina,Bohlin,13186776,Concettina.Bohlin@college.harvard.edu,4
Latisha,Verger,19686138,Latisha.Verger@college.harvard.edu,4
Robinia,Larochelle,16935466,Robinia.Larochelle@college.harvard.edu,4
Teriann,Raseda,13881261,Teriann.Raseda@college.harvard.edu,4
Arabel,Dalli,18867335,Arabel.Dalli@college.harvard.edu,4
Joelly,Isacco,15612284,Joelly.Isacco@college.harvard.edu,4
Imojean,Rad,13287914,Imojean.Rad@college.harvard.edu,4
