Oona,Swigart,16076420,Oona.Swigart@college.harvard.edu,4
Fayre,Vorster,11185066,Fayre.Vorster@college.harvard.edu,4
Fina,Zetta,17941504,Fina.Zetta@college.harvard.edu,4
Sue,Oneida,16223298,Sue.Oneida@college.harvard.edu,4
Deirdre,Ioab,11777577,Deirdre.Ioab@college.harvard.edu,4
Catrina,Persse,14686761,Catrina.Persse@college.harvard.edu,4
Jordan,Gilmour,10076614,Jordan.Gilmour@college.harvard.edu,4
Gerianna,Maples,11245424,Gerianna.Maples@college.harvard.edu,4
Kary,Kamaria,18903342,Kary.Kamaria@college.harvard.edu,4
Devina,Holtz,14874114,Devina.Holtz@college.harvard.edu,4
Gertrud,Abbot,18844206,Gertrud.Abbot@college.harvard.edu,4
Siana,Valoniah,10971840,Siana.Valoniah@college.harvard.edu,4
Marcy,Sharl,11533090,Marcy.Sharl@college.harvard.edu,4
Josephine,Chaing,10018430,Josephine.Chaing@college.harvard.edu,4
Gilligan,Yusuk,10995865,Gilligan.Yusuk@college.harvard.edu,4
Orelia,Diann,16575256,Orelia.Diann@college.harvard.edu,4
Ethel,Ariella,13239167,Ethel.Ariella@college.harvard.edu,4
Cristabel,Shields,11557985,Cristabel.Shields@college.harvard.edu,4
Gabi,Drisko,12313850,Gabi.Drisko@college.harvard.edu,4
Brena,Huggins,11493336,Brena.Huggins@college.harvard.edu,4
Fanchon,Lewes,19289772,Fanchon.Lewes@college.harvard.edu,4
Averyl,Fredi,10926797,Averyl.Fredi@college.harvard.edu,4
Bertine,Newell,19032590,Bertine.Newell@college.harvard.edu,4
Jacenta,Lory,14648651,Jacenta.Lory@college.harvard.edu,4
Raina,Kristi,19694978,Raina.Kristi@college.harvard.edu,4
Merle,Ioab,19055556,Merle.Ioab@college.harvard.edu,4
Silvana,McClimans,11514978,Silvana.McClimans@college.harvard.edu,4
Xylina,Guildroy,16246904,Xylina.Guildroy@college.harvard.edu,4
Louella,Eachern,11791568,Louella.Eachern@college.harvard.edu,4
Aigneis,Craggie,12628083,Aigneis.Craggie@college.harvard.edu,4
Mathilda,Mauer,19854714,Mathilda.Mauer@college.harvard.edu,4
Teddie,Anestassia,13867822,Teddie.Anestassia@college.harvard.edu,4
Wilma,Kamaria,14830012,Wilma.Kamaria@college.harvard.edu,4
Berget,Charity,14398281,Berget.Charity@college.harvard.edu,4
Marjie,Johanna,16153602,Marjie.Johanna@college.harvard.edu,4
Valli,Cath,18748627,Valli.Cath@college.harvard.edu,4
Cyndie,Flita,14725651,Cyndie.Flita@college.harvard.edu,4
Melisent,Daveta,12394314,Melisent.Daveta@college.harvard.edu,4
Harmonia,Mike,18002861,Harmonia.Mike@college.harvard.edu,4
Mallory,Bandeen,16165052,Mallory.Bandeen@college.harvard.edu,4
Hyacinthe,Ardeha,10077366,Hyacinthe.Ardeha@college.harvard.edu,4
Tracey,Bennie,15049751,Tracey.Bennie@college.harvard.edu,4
Atlanta,Mauer,12565564,Atlanta.Mauer@college.harvard.edu,4
Brana,Tacye,19181978,Brana.Tacye@college.harvard.edu,4
Esmeralda,Nikaniki,16722854,Esmeralda.Nikaniki@college.harvard.edu,4
Chloris,Seumas,15887530,Chloris.Seumas@college.harvard.edu,4
Benita,Zola,18055753,Benita.Zola@college.harvard.edu,4
Lita,Jalbert,16737782,Lita.Jalbert@college.harvard.edu,4
Esmeralda,Swanhildas,18090887,Esmeralda.Swanhildas@college.harvard.edu,4
Valli,Lattie,16073877,Valli.Lattie@college.harvard.edu,4
Molli,Orpah,15713449,Molli.Orpah@college.harvard.edu,4
Aeriela,Tannie,13806999,Aeriela.Tannie@college.harvard.edu,4
Marti,Garlinda,14768316,Marti.Garlinda@college.harvard.edu,4
Lorenza,Zenas,15456782,Lorenza.Zenas@college.harvard.edu,4
Nerta,Modie,11532864,Nerta.Modie@college.harvard.edu,4
Siana,Ciapas,16454736,Siana.Ciapas@college.harvard.edu,4
Ivett,O'Neill,18808262,Ivett.O'Neill@college.harvard.edu,4
Arlina,Chabot,14578894,Arlina.Chabot@college.harvard.edu,4
Suzette,Dulciana,19649206,Suzette.Dulciana@college.harvard.edu,4
Henriette,Orelee,12796359,Henriette.Orelee@college.harvard.edu,4
Layla,Wiener,10342857,Layla.Wiener@college.harvard.edu,4
Trixi,Gregrory,12849347,Trixi.Gregrory@college.harvard.edu,4
Annaliese,Alejoa,13470073,Annaliese.Alejoa@college.harvard.edu,4
Shell,Nisbet,13303685,Shell.Nisbet@college.harvard.edu,4
Jaclyn,Brodench,14834037,Jaclyn.Brodench@college.harvard.edu,4
Tersina,Haerr,14226515,Tersina.Haerr@college.harvard.edu,4
Patricia,Noelyn,19160884,Patricia.Noelyn@college.harvard.edu,4
Carmela,Swigart,12316124,Carmela.Swigart@college.harvard.edu,4
Tybie,Wareing,11565176,Tybie.Wareing@college.harvard.edu,4
Helena,Anis,12352279,Helena.Anis@college.harvard.edu,4
Asia,Genna,17975266,Asia.Genna@college.harvard.edu,4
Linet,Michella,17202190,Linet.Michella@college.harvard.edu,4
Basia,Helfand,14445768,Basia.Helfand@college.harvard.edu,4
Priscilla,Carleen,15682043,Priscilla.Carleen@college.harvard.edu,4
Alameda,Gino,13595522,Alameda.Gino@college.harvard.edu,4
Gertrud,Belldas,14517085,Gertrud.Belldas@college.harvard.edu,4
Ronna,Catie,14828999,Ronna.Catie@college.harvard.edu,4
Laure,Rosemary,12459845,Laure.Rosemary@college.harvard.edu,4
Kirstin,Edvard,10389386,Kirstin.Edvard@college.harvard.edu,4
Jean,Ralfston,18966433,Jean.Ralfston@college.harvard.edu,4
Daryl,Millda,14506858,Daryl.Millda@college.harvard.edu,4
Fanny,Screens,17319473,Fanny.Screens@college.harvard.edu,4
Maisey,Lacombe,13605710,Maisey.Lacombe@college.harvard.edu,4
Jacenta,Brittani,12443962,Jacenta.Brittani@college.harvard.edu,4
Melisent,Montgomery,18277128,Melisent.Montgomery@college.harvard.edu,4
Taffy,Tillford,11940032,Taffy.Tillford@college.harvard.edu,4
Daryl,Ophelia,14592898,Daryl.Ophelia@college.harvard.edu,4
Tami,Bandeen,15853144,Tami.Bandeen@college.harvard.edu,4
Ulrike,Kenwood,18096180,Ulrike.Kenwood@college.harvard.edu,4
Claresta,Toor,12626174,Claresta.Toor@college.harvard.edu,4
Libbie,Malvino,16052807,Libbie.Malvino@college.harvard.edu,4
Starla,Scammon,18653174,Starla.Scammon@college.harvard.edu,4
Jsandye,Cristi,14216275,Jsandye.Cristi@college.harvard.edu,4
Beatriz,Lindemann,19333096,Beatriz.Lindemann@college.harvard.edu,4
Almeta,Tayib,15324142,Almeta.Tayib@college.harvard.edu,4
Stacey,Buckler,18733779,Stacey.Buckler@college.harvard.edu,4
Pearline,Iphlgenia,12410742,Pearline.Iphlgenia@college.harvard.edu,4
Claudina,Clara,15834642,Claudina.Clara@college.harvard.edu,4
Gerrie,Urias,19847400,Gerrie.Urias@college.harvard.edu,4
Vere,Eugenia,19232551,Vere.Eugenia@college.harvard.edu,4
Robinia,Raul,10889824,Robinia.Raul@college.harvard.edu,4
Lexine,Cassius,14042287,Lexine.Cassius@college.harvard.edu,4
Karina,Bennie,17742510,Karina.Bennie@college.harvard.edu,4
Marcy,Ellerey,19760726,Marcy.Ellerey@college.harvard.edu,4
Estell,Birdella,15393495,Estell.Birdella@college.harvard.edu,4
Vanessa,Macey,16275976,Vanessa.Macey@college.harvard.edu,4
Marcelline,Hillel,10902962,Marcelline.Hillel@college.harvard.edu,4
Adele,Teddman,12892207,Adele.Teddman@college.harvard.edu,4
Tobe,Alejoa,11397089,Tobe.Alejoa@college.harvard.edu,4
Belinda,Burnside,18589792,Belinda.Burnside@college.harvard.edu,4
Dode,Jarib,13718637,Dode.Jarib@college.harvard.edu,4
Dennie,Earlie,11474722,Dennie.Earlie@college.harvard.edu,4
Talya,Millda,18899979,Talya.Millda@college.harvard.edu,4
Adele,Malina,16872005,Adele.Malina@college.harvard.edu,4
Jsandye,Alisia,10783625,Jsandye.Alisia@college.harvard.edu,4
Barbara,Henrie,19278933,Barbara.Henrie@college.harvard.edu,4
Zondra,Ellord,13839371,Zondra.Ellord@college.harvard.edu,4
Dode,Anastatius,17753686,Dode.Anastatius@college.harvard.edu,4
Maye,Zrike,15673590,Maye.Zrike@college.harvard.edu,4
Joelly,Fulmer,10615641,Joelly.Fulmer@college.harvard.edu,4
Lexine,Donoghue,18997450,Lexine.Donoghue@college.harvard.edu,4
Blinni,Strephon,13206825,Blinni.Strephon@college.harvard.edu,4
Kaja,Wandie,16040250,Kaja.Wandie@college.harvard.edu,4
Lily,Wolfgram,10299445,Lily.Wolfgram@college.harvard.edu,4
Andeee,Atonsah,14082251,Andeee.Atonsah@college.harvard.edu,4
Carolina,Wadell,19549229,Carolina.Wadell@college.harvard.edu,4
Cacilie,Goerke,16907174,Cacilie.Goerke@college.harvard.edu,4
Nadine,Emerson,14079268,Nadine.Emerson@college.harvard.edu,4
Dede,Bevin,12076755,Dede.Bevin@college.harvard.edu,4
Kerrin,Kylander,18893630,Kerrin.Kylander@college.harvard.edu,4
Sharlene,Alrich,15747058,Sharlene.Alrich@college.harvard.edu,4
Madelle,Nikaniki,11264406,Madelle.Nikaniki@college.harvard.edu,4
Maye,Justinn,17038012,Maye.Justinn@college.harvard.edu,4
Allyce,Torray,15626787,Allyce.Torray@college.harvard.edu,4
Nyssa,Ovid,16125984,Nyssa.Ovid@college.harvard.edu,4
Renae,Rheingold,12349951,Renae.Rheingold@college.harvard.edu,4
Maud,Elsinore,18453581,Maud.Elsinore@college.harvard.edu,4
Audrie,Jess,19660083,Audrie.Jess@college.harvard.edu,4
Layla,Moina,15473801,Layla.Moina@college.harvard.edu,4
Andree,Halla,14029177,Andree.Halla@college.harvard.edu,4
Roz,Kalinda,13162195,Roz.Kalinda@college.harvard.edu,4
Corly,Harl,12833842,Corly.Harl@college.harvard.edu,4
Robbi,Suk,12603456,Robbi.Suk@college.harvard.edu,4
Vere,Barbey,11460205,Vere.Barbey@college.harvard.edu,4
Helena,Gert,13275436,Helena.Gert@college.harvard.edu,4
Thalia,Manolo,12596752,Thalia.Manolo@college.harvard.edu,4
Allis,Halsey,15226344,Allis.Halsey@college.harvard.edu,4
Demetris,Bertold,17777816,Demetris.Bertold@college.harvard.edu,4
Abbie,Mich,11327673,Abbie.Mich@college.harvard.edu,4
Clarice,Philoo,14558528,Clarice.Philoo@college.harvard.edu,4
Pearline,Kaja,14368835,Pearline.Kaja@college.harvard.edu,4
Farrah,Ariella,18022796,Farrah.Ariella@college.harvard.edu,4
Britni,Tybald,10439068,Britni.Tybald@college.harvard.edu,4
Nariko,Marsden,11707944,Nariko.Marsden@college.harvard.edu,4
Quintina,Ralfston,10073376,Quintina.Ralfston@college.harvard.edu,4
Kore,Freddi,19662289,Kore.Freddi@college.harvard.edu,4
Jan,Liva,16093870,Jan.Liva@college.harvard.edu,4
Marti,Orpah,12030548,Marti.Orpah@college.harvard.edu,4
Ileana,Eno,15411773,Ileana.Eno@college.harvard.edu,4
Lila,Sinegold,19159524,Lila.Sinegold@college.harvard.edu,4
Melanie,Chinua,14492121,Melanie.Chinua@college.harvard.edu,4
Fanny,Peg,12661749,Fanny.Peg@college.harvard.edu,4
