Chrystel,Borrell,16164885,Chrystel.Borrell@college.harvard.edu,5
Emmey,Boehike,19456940,Emmey.Boehike@college.harvard.edu,5
Mathilda,Urania,19811224,Mathilda.Urania@college.harvard.edu,5
Fidelia,Cherianne,14073512,Fidelia.Cherianne@college.harvard.edu,5
Eve,Guthrie,14490284,Eve.Guthrie@college.harvard.edu,5
Mureil,McLaughlin,16406290,Mureil.McLaughlin@college.harvard.edu,5
Jessamyn,Ahab,13090028,Jessamyn.Ahab@college.harvard.edu,5
Marti,Flyn,15811996,Marti.Flyn@college.harvard.edu,5
Clarice,Kellby,15104822,Clarice.Kellby@college.harvard.edu,5
Glenda,Carmena,16836397,Glenda.Carmena@college.harvard.edu,5
Benita,Joli,10084672,Benita.Joli@college.harvard.edu,5
Donnie,Mata,11161830,Donnie.Mata@college.harvard.edu,5
Gwenneth,Pacorro,16307471,Gwenneth.Pacorro@college.harvard.edu,5
Ayn,Tjon,11108293,Ayn.Tjon@college.harvard.edu,5
Lila,Fink,12762578,Lila.Fink@college.harvard.edu,5
Elyssa,Ferrell,14483367,Elyssa.Ferrell@college.harvard.edu,5
Doro,Dom,17592122,Doro.Dom@college.harvard.edu,5
Jaclyn,Ioab,12898682,Jaclyn.Ioab@college.harvard.edu,5
Constance,Gilbertson,19270895,Constance.Gilbertson@college.harvard.edu,5
Korrie,Berl,16614900,Korrie.Berl@college.harvard.edu,5
Ann-Marie,Eldrid,17484776,Ann-Marie.Eldrid@college.harvard.edu,5
Amalie,Jena,15711842,Amalie.Jena@college.harvard.edu,5
Michaelina,Decato,16556965,Michaelina.Decato@college.harvard.edu,5
Betta,Zachary,10062689,Betta.Zachary@college.harvard.edu,5
Aeriela,Maribeth,16336632,Aeriela.Maribeth@college.harvard.edu,5
Thalia,Atonsah,13035523,Thalia.Atonsah@college.harvard.edu,5
Lyssa,Timon,19679574,Lyssa.Timon@college.harvard.edu,5
Latisha,Fink,18665119,Latisha.Fink@college.harvard.edu,5
Kary,Valerio,17362838,Kary.Valerio@college.harvard.edu,5
Angela,Harned,16145536,Angela.Harned@college.harvard.edu,5
Violet,Pearse,16987852,Violet.Pearse@college.harvard.edu,5
Marline,Myrilla,15466072,Marline.Myrilla@college.harvard.edu,5
Karlee,Freddi,12962460,Karlee.Freddi@college.harvard.edu,5
Tracey,Hartnett,12769868,Tracey.Hartnett@college.harvard.edu,5
Nyssa,Lorain,11661745,Nyssa.Lorain@college.harvard.edu,5
Jessy,Justinn,15859306,Jessy.Justinn@college.harvard.edu,5
Teriann,Dorcy,17891433,Teriann.Dorcy@college.harvard.edu,5
Monika,Allare,16411504,Monika.Allare@college.harvard.edu,5
Gwyneth,Juliet,13474778,Gwyneth.Juliet@college.harvard.edu,5
Hannis,Huggins,18598141,Hannis.Huggins@college.harvard.edu,5
Lacie,Phyllis,18497809,Lacie.Phyllis@college.harvard.edu,5
Gerrie,Taam,12137298,Gerrie.Taam@college.harvard.edu,5
Henriette,Manolo,10578825,Henriette.Manolo@college.harvard.edu,5
Rori,Hebner,19289418,Rori.Hebner@college.harvard.edu,5
Georgetta,Linehan,15549268,Georgetta.Linehan@college.harvard.edu,5
Minne,Melan,18978146,Minne.Melan@college.harvard.edu,5
Karina,Demitria,13558041,Karina.Demitria@college.harvard.edu,5
Laure,Shama,16817632,Laure.Shama@college.harvard.edu,5
Allyce,Kathie,17267839,Allyce.Kathie@college.harvard.edu,5
Sharlene,Carolin,12191886,Sharlene.Carolin@college.harvard.edu,5
Sissy,Anestassia,10159636,Sissy.Anestassia@college.harvard.edu,5
Fred,Malina,11351426,Fred.Malina@college.harvard.edu,5
Marita,Linehan,19612251,Marita.Linehan@college.harvard.edu,5
Nadine,Kosey,17956930,Nadine.Kosey@college.harvard.edu,5
Dari,Paton,15473564,Dari.Paton@college.harvard.edu,5
Kirstin,Ruvolo,10796580,Kirstin.Ruvolo@college.harvard.edu,5
Chickie,Shanley,13273260,Chickie.Shanley@college.harvard.edu,5
Monika,Tamar,18565778,Monika.Tamar@college.harvard.edu,5
Harrietta,Belanger,18810351,Harrietta.Belanger@college.harvard.edu,5
Janis,Yusuk,16678519,Janis.Yusuk@college.harvard.edu,5
Margalo,Bari,11217190,Margalo.Bari@college.harvard.edu,5
Kore,Amadas,18950083,Kore.Amadas@college.harvard.edu,5
Carol-Jean,Niccolo,11071543,Carol-Jean.Niccolo@college.harvard.edu,5
Dorene,Fiester,10533472,Dorene.Fiester@college.harvard.edu,5
Allyce,Kannry,19389781,Allyce.Kannry@college.harvard.edu,5
Nyssa,Himelman,12791091,Nyssa.Himelman@college.harvard.edu,5
Dede,Nerita,11300933,Dede.Nerita@college.harvard.edu,5
Sidoney,Hanleigh,10368961,Sidoney.Hanleigh@college.harvard.edu,5
Cordi,Dielu,12974748,Cordi.Dielu@college.harvard.edu,5
Jerry,Sophronia,11819896,Jerry.Sophronia@college.harvard.edu,5
Gilligan,Haerr,10769494,Gilligan.Haerr@college.harvard.edu,5
Emma,Skell,11081268,Emma.Skell@college.harvard.edu,5
Maud,Martguerita,10975542,Maud.Martguerita@college.harvard.edu,5
Sabina,Carmena,18244992,Sabina.Carmena@college.harvard.edu,5
Sue,Etom,10494732,Sue.Etom@college.harvard.edu,5
Sharlene,Gillan,15414309,Sharlene.Gillan@college.harvard.edu,5
Cherrita,Callista,13697669,Cherrita.Callista@college.harvard.edu,5
Lynnea,Ricki,19034110,Lynnea.Ricki@college.harvard.edu,5
Heida,Rosemary,14467497,Heida.Rosemary@college.harvard.edu,5
Lilith,Fax,16841537,Lilith.Fax@college.harvard.edu,5
Nikki,Schonfeld,18809260,Nikki.Schonfeld@college.harvard.edu,5
Kirstin,Nadia,16686824,Kirstin.Nadia@college.harvard.edu,5
Ermengarde,Bartlett,15322110,Ermengarde.Bartlett@college.harvard.edu,5
Almeta,Clara,15707621,Almeta.Clara@college.harvard.edu,5
Gabi,Nicoline,14732082,Gabi.Nicoline@college.harvard.edu,5
Linzy,Toor,19141102,Linzy.Toor@college.harvard.edu,5
Maisey,Fleeta,19822763,Maisey.Fleeta@college.harvard.edu,5
Sabina,Arley,15914055,Sabina.Arley@college.harvard.edu,5
Kenna,Docilla,18378220,Kenna.Docilla@college.harvard.edu,5
Constance,Sikorski,16758734,Constance.Sikorski@college.harvard.edu,5
Willetta,Rolf,14855118,Willetta.Rolf@college.harvard.edu,5
Lusa,Billye,17658135,Lusa.Billye@college.harvard.edu,5
Kary,Imelida,11482330,Kary.Imelida@college.harvard.edu,5
Bobinette,Nickola,14457328,Bobinette.Nickola@college.harvard.edu,5
Aurore,Luhe,11083662,Aurore.Luhe@college.harvard.edu,5
Violet,Fabiola,14152715,Violet.Fabiola@college.harvard.edu,5
Sharlene,Adalbert,15917034,Sharlene.Adalbert@college.harvard.edu,5
Aili,Damarra,14357378,Aili.Damarra@college.harvard.edu,5
Edyth,Bouchard,19788351,Edyth.Bouchard@college.harvard.edu,5
Kirbee,Lenny,17133221,Kirbee.Lenny@college.harvard.edu,5
Valli,Stav,15742963,Valli.Stav@college.harvard.edu,5
Demetris,Maurine,15852741,Demetris.Maurine@college.harvard.edu,5
Brooks,Clie,18343796,Brooks.Clie@college.harvard.edu,5
Hermione,Garek,18831561,Hermione.Garek@college.harvard.edu,5
Alyssa,Sekofski,19162746,Alyssa.Sekofski@college.harvard.edu,5
Joleen,Dahlia,19618259,Joleen.Dahlia@college.harvard.edu,5
Sallie,Lilas,11776971,Sallie.Lilas@college.harvard.edu,5
Gretal,Lenny,12676749,Gretal.Lenny@college.harvard.edu,5
Gale,Malvino,11247014,Gale.Malvino@college.harvard.edu,5
Danny,McGrody,10636581,Danny.McGrody@college.harvard.edu,5
Emilia,Fitzsimmons,17806817,Emilia.Fitzsimmons@college.harvard.edu,5
Vanessa,Persse,14567035,Vanessa.Persse@college.harvard.edu,5
Kate,Kannry,14745114,Kate.Kannry@college.harvard.edu,5
Mureil,Ochs,11898412,Mureil.Ochs@college.harvard.edu,5
Feliza,Hurley,12002503,Feliza.Hurley@college.harvard.edu,5
Patricia,Jess,18736899,Patricia.Jess@college.harvard.edu,5
Joelly,Orlene,12612672,Joelly.Orlene@college.harvard.edu,5
Raina,Sadowski,11116451,Raina.Sadowski@college.harvard.edu,5
Alisha,Gordon,10221779,Alisha.Gordon@college.harvard.edu,5
Linzy,Salchunas,11655704,Linzy.Salchunas@college.harvard.edu,5
Andree,Vernier,10832310,Andree.Vernier@college.harvard.edu,5
Johna,Gladstone,15783136,Johna.Gladstone@college.harvard.edu,5
Nerta,Anastatius,10555742,Nerta.Anastatius@college.harvard.edu,5
Riannon,Wattenberg,18531901,Riannon.Wattenberg@college.harvard.edu,5
Clary,Weinreb,13676235,Clary.Weinreb@college.harvard.edu,5
Nanete,Knowling,14484916,Nanete.Knowling@college.harvard.edu,5
Teriann,Lucienne,19638455,Teriann.Lucienne@college.harvard.edu,5
Phedra,Hessler,12430979,Phedra.Hessler@college.harvard.edu,5
Lucy,Brenn,10052457,Lucy.Brenn@college.harvard.edu,5
Cristabel,Milson,19252522,Cristabel.Milson@college.harvard.edu,5
Raina,August,18986264,Raina.August@college.harvard.edu,5
Karina,Macey,11006938,Karina.Macey@college.harvard.edu,5
Chrystel,Noam,13872643,Chrystel.Noam@college.harvard.edu,5
Fredericka,Bartlett,13291701,Fredericka.Bartlett@college.harvard.edu,5
Shaine,Elephus,19476943,Shaine.Elephus@college.harvard.edu,5
Shaylyn,Astra,15744819,Shaylyn.Astra@college.harvard.edu,5
Molli,Bevin,16080217,Molli.Bevin@college.harvard.edu,5
Olwen,Jacqui,15711734,Olwen.Jacqui@college.harvard.edu,5
Andree,Leary,18442680,Andree.Leary@college.harvard.edu,5
Tomasina,Neils,15491093,Tomasina.Neils@college.harvard.edu,5
Felice,Bivins,15529454,Felice.Bivins@college.harvard.edu,5
Sandie,Maples,11410017,Sandie.Maples@college.harvard.edu,5
Edith,Yate,13452644,Edith.Yate@college.harvard.edu,5
Dolli,Docilla,14113016,Dolli.Docilla@college.harvard.edu,5
Roxane,Weinreb,13658477,Roxane.Weinreb@college.harvard.edu,5
Cam,Manolo,14940273,Cam.Manolo@college.harvard.edu,5
Myrtice,Leopold,14772626,Myrtice.Leopold@college.harvard.edu,5
Camile,Brodench,13484826,Camile.Brodench@college.harvard.edu,5
Kamilah,Shama,12200289,Kamilah.Shama@college.harvard.edu,5
Angela,Duwalt,19037509,Angela.Duwalt@college.harvard.edu,5
Kathi,Korey,14116501,Kathi.Korey@college.harvard.edu,5
Angelique,Sholley,10355034,Angelique.Sholley@college.harvard.edu,5
Fidelia,Martguerita,13153624,Fidelia.Martguerita@college.harvard.edu,5
Merry,Lunsford,15030655,Merry.Lunsford@college.harvard.edu,5
Basia,Elsinore,15094239,Basia.Elsinore@college.harvard.edu,5
Dorene,Solitta,16469142,Dorene.Solitta@college.harvard.edu,5
Talya,Heisel,15024268,Talya.Heisel@college.harvard.edu,5
Ardeen,Nedrud,11702187,Ardeen.Nedrud@college.harvard.edu,5
Maisey,Torray,15268100,Maisey.Torray@college.harvard.edu,5
Rebeca,Cullin,14775995,Rebeca.Cullin@college.harvard.edu,5
Adore,Ferrell,14330046,Adore.Ferrell@college.harvard.edu,5
Celene,Flita,14264948,Celene.Flita@college.harvard.edu,5
Alejandra,Goldina,14849367,Alejandra.Goldina@college.harvard.edu,5
Joane,Clarissa,14867505,Joane.Clarissa@college.harvard.edu,5
Carly,Danby,19758688,Carly.Danby@college.harvard.edu,5
Goldie,Sisile,14414869,Goldie.Sisile@college.harvard.edu,5
Lynde,Olympium,11052779,Lynde.Olympium@college.harvard.edu,5
Karolina,Suzetta,16865470,Karolina.Suzetta@college.harvard.edu,5
Aryn,Crudden,18626775,Aryn.Crudden@college.harvard.edu,5
Danika,Nunci,19294671,Danika.Nunci@college.harvard.edu,5
Suzette,Etom,18230466,Suzette.Etom@college.harvard.edu,5
Latisha,Even,18843429,Latisha.Even@college.harvard.edu,5
Ketti,Yorick,14552309,Ketti.Yorick@college.harvard.edu,5
Mathilda,Japeth,19845330,Mathilda.Japeth@college.harvard.edu,5
Elise,Adalbert,13637858,Elise.Adalbert@college.harvard.edu,5
Catrina,Adlare,14406501,Catrina.Adlare@college.harvard.edu,5
