Fayre,Vorster,11185066,Fayre.Vorster@college.harvard.edu,5
Roberta,Ingra,11936833,Roberta.Ingra@college.harvard.edu,5
Bertine,Merell,19533403,Bertine.Merell@college.harvard.edu,5
Melanie,Merna,17144995,Melanie.Merna@college.harvard.edu,5
Asia,Demitria,19103295,Asia.Demitria@college.harvard.edu,5
Alexine,Ackerley,14493600,Alexine.Ackerley@college.harvard.edu,5
Beth,Roxanna,13130130,Beth.Roxanna@college.harvard.edu,5
Maud,Thema,19209764,Maud.Thema@college.harvard.edu,5
Anestassia,Hathaway,19894017,Anestassia.Hathaway@college.harvard.edu,5
Bibby,Toor,12441773,Bibby.Toor@college.harvard.edu,5
Yolane,Thomasina,13353635,Yolane.Thomasina@college.harvard.edu,5
Morganica,Atcliffe,18171957,Morganica.Atcliffe@college.harvard.edu,5
Merci,Ailyn,14009783,Merci.Ailyn@college.harvard.edu,5
Nickie,Suk,14479374,Nickie.Suk@college.harvard.edu,5
Myriam,Sinegold,15041739,Myriam.Sinegold@college.harvard.edu,5
Elsie,Quinn,10763714,Elsie.Quinn@college.harvard.edu,5
Jessamyn,Ahab,13090028,Jessamyn.Ahab@college.harvard.edu,5
Sybille,Merriott,10431764,Sybille.Merriott@college.harvard.edu,5
Brena,Huggins,11493336,Brena.Huggins@college.harvard.edu,5
Laurene,Zenas,16077152,Laurene.Zenas@college.harvard.edu,5
Elvira,Thema,12627778,Elvira.Thema@college.harvard.edu,5
Janenna,Colp,15106295,Janenna.Colp@college.harvard.edu,5
Dione,Rad,17225979,Dione.Rad@college.harvard.edu,5
Sabina,Iiette,14909226,Sabina.Iiette@college.harvard.edu,5
Kylynn,Warthman,13782079,Kylynn.Warthman@college.harvard.edu,5
Bibby,Lissi,16096602,Bibby.Lissi@college.harvard.edu,5
Dorene,Casimir,14420637,Dorene.Casimir@college.harvard.edu,5
Cissiee,Emmy,12260660,Cissiee.Emmy@college.harvard.edu,5
Selia,Llovera,14302923,Selia.Llovera@college.harvard.edu,5
Joelly,O'Carroll,14035190,Joelly.O'Carroll@college.harvard.edu,5
Alex,Modie,12824975,Alex.Modie@college.harvard.edu,5
Angela,Harned,16145536,Angela.Harned@college.harvard.edu,5
Dacia,Harriman,13555102,Dacia.Harriman@college.harvard.edu,5
Ida,Shuler,19521623,Ida.Shuler@college.harvard.edu,5
Gloria,Amadas,12220298,Gloria.Amadas@college.harvard.edu,5
Malina,Seligman,10541114,Malina.Seligman@college.harvard.edu,5
Adelle,Wandie,17206590,Adelle.Wandie@college.harvard.edu,5
Sue,Arley,14858721,Sue.Arley@college.harvard.edu,5
Wynne,Orpah,18984001,Wynne.Orpah@college.harvard.edu,5
Miquela,Koziara,17633129,Miquela.Koziara@college.harvard.edu,5
Genevra,Pulsifer,18354386,Genevra.Pulsifer@college.harvard.edu,5
Sara-Ann,Kirbee,16507157,Sara-Ann.Kirbee@college.harvard.edu,5
Susan,Grosz,19302731,Susan.Grosz@college.harvard.edu,5
Georgetta,Linehan,15549268,Georgetta.Linehan@college.harvard.edu,5
Adriana,Joni,13722087,Adriana.Joni@college.harvard.edu,5
Harmonia,Diogenes,14499510,Harmonia.Diogenes@college.harvard.edu,5
Kathi,Urania,12496538,Kathi.Urania@college.harvard.edu,5
Dede,Vanni,11772048,Dede.Vanni@college.harvard.edu,5
Tatiania,Jacobah,11556886,Tatiania.Jacobah@college.harvard.edu,5
Dorice,Emmaline,10494020,Dorice.Emmaline@college.harvard.edu,5
Daphne,Eliathas,13658434,Daphne.Eliathas@college.harvard.edu,5
Jennica,Carleen,14124106,Jennica.Carleen@college.harvard.edu,5
Ottilie,Jarib,13711019,Ottilie.Jarib@college.harvard.edu,5
June,Nisbet,14808539,June.Nisbet@college.harvard.edu,5
Ginnie,Shelba,17277163,Ginnie.Shelba@college.harvard.edu,5
Cathie,Stover,10070624,Cathie.Stover@college.harvard.edu,5
Nadine,Kosey,17956930,Nadine.Kosey@college.harvard.edu,5
Laure,Oscar,12525371,Laure.Oscar@college.harvard.edu,5
Tierney,Wu,19390579,Tierney.Wu@college.harvard.edu,5
Sadie,Isidore,18358708,Sadie.Isidore@college.harvard.edu,5
Zaria,Pascia,17938606,Zaria.Pascia@college.harvard.edu,5
Etta,Bord,14688086,Etta.Bord@college.harvard.edu,5
Blondelle,Solitta,14477644,Blondelle.Solitta@college.harvard.edu,5
Dennie,Dearborn,15183255,Dennie.Dearborn@college.harvard.edu,5
Addia,Lane,10567888,Addia.Lane@college.harvard.edu,5
Ninnetta,Reinke,12248015,Ninnetta.Reinke@college.harvard.edu,5
Shell,Willie,14701557,Shell.Willie@college.harvard.edu,5
Sherrie,Delila,16543911,Sherrie.Delila@college.harvard.edu,5
Averyl,Wind,10748159,Averyl.Wind@college.harvard.edu,5
Natka,Federica,18199273,Natka.Federica@college.harvard.edu,5
Bobbi,Therine,10313819,Bobbi.Therine@college.harvard.edu,5
Joy,Melleta,11851251,Joy.Melleta@college.harvard.edu,5
Nadine,Jefferey,12412862,Nadine.Jefferey@college.harvard.edu,5
Marita,Milson,19499614,Marita.Milson@college.harvard.edu,5
Steffane,Munn,15506558,Steffane.Munn@college.harvard.edu,5
Xylina,Giff,16138116,Xylina.Giff@college.harvard.edu,5
Patricia,Noelyn,19160884,Patricia.Noelyn@college.harvard.edu,5
Carmela,Swigart,12316124,Carmela.Swigart@college.harvard.edu,5
Lauryn,Malanie,15823237,Lauryn.Malanie@college.harvard.edu,5
Carol-Jean,Niccolo,11071543,Carol-Jean.Niccolo@college.harvard.edu,5
Joelly,Bury,17026673,Joelly.Bury@college.harvard.edu,5
Max,Stefa,11386392,Max.Stefa@college.harvard.edu,5
Tobe,Sawtelle,11512037,Tobe.Sawtelle@college.harvard.edu,5
Gertrud,Belldas,14517085,Gertrud.Belldas@college.harvard.edu,5
Katuscha,Jefferey,12413018,Katuscha.Jefferey@college.harvard.edu,5
Ronna,Catie,14828999,Ronna.Catie@college.harvard.edu,5
Gilligan,Haerr,10769494,Gilligan.Haerr@college.harvard.edu,5
Cherilyn,Baudin,16532284,Cherilyn.Baudin@college.harvard.edu,5
Dari,Hutchison,11004374,Dari.Hutchison@college.harvard.edu,5
Cristabel,Garlinda,17429514,Cristabel.Garlinda@college.harvard.edu,5
Arabel,Peti,19898765,Arabel.Peti@college.harvard.edu,5
Flory,Eldrid,14553888,Flory.Eldrid@college.harvard.edu,5
Briney,Trace,13702123,Briney.Trace@college.harvard.edu,5
Annora,Luhe,15735964,Annora.Luhe@college.harvard.edu,5
Gusty,Ramona,17207025,Gusty.Ramona@college.harvard.edu,5
Bertine,Carbo,10304187,Bertine.Carbo@college.harvard.edu,5
Raf,Amadas,17915051,Raf.Amadas@college.harvard.edu,5
Konstance,Saree,14549180,Konstance.Saree@college.harvard.edu,5
Carilyn,Evangelia,15437118,Carilyn.Evangelia@college.harvard.edu,5
Olwen,Alarise,13646043,Olwen.Alarise@college.harvard.edu,5
Jacenta,Brittani,12443962,Jacenta.Brittani@college.harvard.edu,5
Cherrita,Callista,13697669,Cherrita.Callista@college.harvard.edu,5
Constance,Sikorski,16758734,Constance.Sikorski@college.harvard.edu,5
Starla,Scammon,18653174,Starla.Scammon@college.harvard.edu,5
Beatriz,Lindemann,19333096,Beatriz.Lindemann@college.harvard.edu,5
Nita,Hunfredo,19827136,Nita.Hunfredo@college.harvard.edu,5
Madeleine,Fairweather,11482559,Madeleine.Fairweather@college.harvard.edu,5
Max,Mike,10085848,Max.Mike@college.harvard.edu,5
Kirstin,Gibbeon,17320478,Kirstin.Gibbeon@college.harvard.edu,5
Maryellen,Durante,14111756,Maryellen.Durante@college.harvard.edu,5
Bernie,Hylan,13525769,Bernie.Hylan@college.harvard.edu,5
Kial,Cadmar,17749962,Kial.Cadmar@college.harvard.edu,5
Estell,Garek,12977403,Estell.Garek@college.harvard.edu,5
Max,Medrek,17823830,Max.Medrek@college.harvard.edu,5
Ariela,Burnside,13938255,Ariela.Burnside@college.harvard.edu,5
Michaelina,Carbo,13380775,Michaelina.Carbo@college.harvard.edu,5
Imojean,Moina,12683453,Imojean.Moina@college.harvard.edu,5
Angela,Felizio,14256304,Angela.Felizio@college.harvard.edu,5
Sidoney,Madelene,16140860,Sidoney.Madelene@college.harvard.edu,5
Sallie,Lilas,11776971,Sallie.Lilas@college.harvard.edu,5
Tobe,Hillel,17592243,Tobe.Hillel@college.harvard.edu,5
Vanessa,Macey,16275976,Vanessa.Macey@college.harvard.edu,5
Gale,Malvino,11247014,Gale.Malvino@college.harvard.edu,5
Frieda,Ellord,19423141,Frieda.Ellord@college.harvard.edu,5
Clo,Lindemann,10764208,Clo.Lindemann@college.harvard.edu,5
Talya,Millda,18899979,Talya.Millda@college.harvard.edu,5
Margette,Elisha,18854868,Margette.Elisha@college.harvard.edu,5
Lorie,Brandice,16256693,Lorie.Brandice@college.harvard.edu,5
Alia,Garek,16672357,Alia.Garek@college.harvard.edu,5
Norine,Glovsky,18162089,Norine.Glovsky@college.harvard.edu,5
Linzy,Salchunas,11655704,Linzy.Salchunas@college.harvard.edu,5
Merrie,Chaing,16311936,Merrie.Chaing@college.harvard.edu,5
Gloria,Cornelia,19880201,Gloria.Cornelia@college.harvard.edu,5
Darlleen,Lytton,12014499,Darlleen.Lytton@college.harvard.edu,5
Kimberley,Wenda,14275515,Kimberley.Wenda@college.harvard.edu,5
Candy,Merell,10452067,Candy.Merell@college.harvard.edu,5
Melisent,Seagraves,10533859,Melisent.Seagraves@college.harvard.edu,5
Yetty,Hortensia,11908593,Yetty.Hortensia@college.harvard.edu,5
Dolli,Damarra,17576421,Dolli.Damarra@college.harvard.edu,5
Lusa,Linskey,18582240,Lusa.Linskey@college.harvard.edu,5
Zondra,Chauncey,18287341,Zondra.Chauncey@college.harvard.edu,5
Miquela,Helve,18299466,Miquela.Helve@college.harvard.edu,5
Aili,Jary,11802273,Aili.Jary@college.harvard.edu,5
Delilah,Saunderson,16577825,Delilah.Saunderson@college.harvard.edu,5
Kathy,Hewitt,18371762,Kathy.Hewitt@college.harvard.edu,5
Brena,Alarise,12965357,Brena.Alarise@college.harvard.edu,5
Marsiella,Darian,19849260,Marsiella.Darian@college.harvard.edu,5
Jan,Gaynor,14060128,Jan.Gaynor@college.harvard.edu,5
Delilah,Publia,12994767,Delilah.Publia@college.harvard.edu,5
Neila,Suk,11474238,Neila.Suk@college.harvard.edu,5
Ekaterina,Maiah,16845912,Ekaterina.Maiah@college.harvard.edu,5
Maud,Elsinore,18453581,Maud.Elsinore@college.harvard.edu,5
Lily,Helfand,12842888,Lily.Helfand@college.harvard.edu,5
Susan,Tamsky,10741571,Susan.Tamsky@college.harvard.edu,5
Layla,Moina,15473801,Layla.Moina@college.harvard.edu,5
Marnia,Fosque,16460668,Marnia.Fosque@college.harvard.edu,5
Vere,Barbey,11460205,Vere.Barbey@college.harvard.edu,5
Vinita,Hylan,12534388,Vinita.Hylan@college.harvard.edu,5
Zondra,Shaddock,10782217,Zondra.Shaddock@college.harvard.edu,5
Drucie,Abram,15790582,Drucie.Abram@college.harvard.edu,5
Mara,Clarissa,16264437,Mara.Clarissa@college.harvard.edu,5
Talya,Heisel,15024268,Talya.Heisel@college.harvard.edu,5
Jan,Elsinore,18874845,Jan.Elsinore@college.harvard.edu,5
Joane,Clarissa,14867505,Joane.Clarissa@college.harvard.edu,5
Tybie,Elo,19894264,Tybie.Elo@college.harvard.edu,5
Jorry,Stilwell,19574470,Jorry.Stilwell@college.harvard.edu,5
Paulita,Ogren,13497189,Paulita.Ogren@college.harvard.edu,5
Clarice,Joli,12851512,Clarice.Joli@college.harvard.edu,5
Myriam,Cordi,15070777,Myriam.Cordi@college.harvard.edu,5
Betta,Wallis,13059662,Betta.Wallis@college.harvard.edu,5
Britte,Baudin,10787024,Britte.Baudin@college.harvard.edu,5
Margette,Boehike,17049726,Margette.Boehike@college.harvard.edu,5
Elyssa,Zuzana,16973517,Elyssa.Zuzana@college.harvard.edu,5
Mathilda,Japeth,19845330,Mathilda.Japeth@college.harvard.edu,5
Genovera,Alexandr,13576426,Genovera.Alexandr@college.harvard.edu,5
Elka,Haldas,10629376,Elka.Haldas@college.harvard.edu,5
Shell,Phaidra,13136613,Shell.Phaidra@college.harvard.edu,5
Heida,Colleen,11451119,Heida.Colleen@college.harvard.edu,5
Jillayne,Gillan,13366343,Jillayne.Gillan@college.harvard.edu,5
