Hope,Quent,16435294,Hope.Quent@college.harvard.edu,6
Bernardine,Sophronia,16311101,Bernardine.Sophronia@college.harvard.edu,6
Larine,Paton,14731172,Larine.Paton@college.harvard.edu,6
Aryn,Hanleigh,19408239,Aryn.Hanleigh@college.harvard.edu,6
Penelopa,Harned,16443115,Penelopa.Harned@college.harvard.edu,6
Jordan,Gilmour,10076614,Jordan.Gilmour@college.harvard.edu,6
Myriam,Jerold,11845800,Myriam.Jerold@college.harvard.edu,6
Kaia,Cavan,19395700,Kaia.Cavan@college.harvard.edu,6
Marti,Alva,15373184,Marti.Alva@college.harvard.edu,6
Cyb,Rurik,10785022,Cyb.Rurik@college.harvard.edu,6
Nicoli,Morrill,18458190,Nicoli.Morrill@college.harvard.edu,6
Gretal,Septima,14392954,Gretal.Septima@college.harvard.edu,6
Renie,Cadmar,10999559,Renie.Cadmar@college.harvard.edu,6
Laurene,Daniele,19854135,Laurene.Daniele@college.harvard.edu,6
Aigneis,Zeeba,15499848,Aigneis.Zeeba@college.harvard.edu,6
Dulcinea,Septima,13505835,Dulcinea.Septima@college.harvard.edu,6
Nollie,Soneson,11577153,Nollie.Soneson@college.harvard.edu,6
Ethel,Ariella,13239167,Ethel.Ariella@college.harvard.edu,6
Cristabel,Shields,11557985,Cristabel.Shields@college.harvard.edu,6
Maisey,Gilbertson,10211491,Maisey.Gilbertson@college.harvard.edu,6
Tabbatha,Nore,18599543,Tabbatha.Nore@college.harvard.edu,6
Starla,Koehler,12057217,Starla.Koehler@college.harvard.edu,6
Viki,Dahlia,14758454,Viki.Dahlia@college.harvard.edu,6
Atlanta,Elbertina,19463693,Atlanta.Elbertina@college.harvard.edu,6
Keelia,Cordi,19066481,Keelia.Cordi@college.harvard.edu,6
Josephine,Wesle,11985936,Josephine.Wesle@college.harvard.edu,6
Susette,Elephus,15826857,Susette.Elephus@college.harvard.edu,6
Sissy,Nerita,11476996,Sissy.Nerita@college.harvard.edu,6
Claudina,Eben,15516426,Claudina.Eben@college.harvard.edu,6
Jinny,Haerr,14135401,Jinny.Haerr@college.harvard.edu,6
Jessy,Justinn,15859306,Jessy.Justinn@college.harvard.edu,6
Lolita,Therine,11513216,Lolita.Therine@college.harvard.edu,6
Magdalena,Yate,16477699,Magdalena.Yate@college.harvard.edu,6
Caressa,Granoff,10940599,Caressa.Granoff@college.harvard.edu,6
Mathilda,Cosenza,13908008,Mathilda.Cosenza@college.harvard.edu,6
Molli,Belldas,17872710,Molli.Belldas@college.harvard.edu,6
Edith,Niles,14699985,Edith.Niles@college.harvard.edu,6
Winny,Gerge,16197304,Winny.Gerge@college.harvard.edu,6
Beatriz,Helve,10348066,Beatriz.Helve@college.harvard.edu,6
Edyth,Nisbet,10370788,Edyth.Nisbet@college.harvard.edu,6
Modestia,Center,12591112,Modestia.Center@college.harvard.edu,6
Cordi,Nester,15385272,Cordi.Nester@college.harvard.edu,6
Demetris,Janene,15971480,Demetris.Janene@college.harvard.edu,6
Lolita,Esmaria,10966939,Lolita.Esmaria@college.harvard.edu,6
Wanda,Primalia,10595043,Wanda.Primalia@college.harvard.edu,6
Tracey,Bennie,15049751,Tracey.Bennie@college.harvard.edu,6
Allyce,Melony,14607204,Allyce.Melony@college.harvard.edu,6
Chloris,Seumas,15887530,Chloris.Seumas@college.harvard.edu,6
Nelle,Behre,16448122,Nelle.Behre@college.harvard.edu,6
Shauna,Dunkin,17752080,Shauna.Dunkin@college.harvard.edu,6
Kelly,Larochelle,13560035,Kelly.Larochelle@college.harvard.edu,6
Mireielle,Bury,14284381,Mireielle.Bury@college.harvard.edu,6
Jenilee,Huggins,11353279,Jenilee.Huggins@college.harvard.edu,6
Cristine,Regan,17652493,Cristine.Regan@college.harvard.edu,6
Hyacinthe,Gabrielli,18078241,Hyacinthe.Gabrielli@college.harvard.edu,6
Suzette,Dulciana,19649206,Suzette.Dulciana@college.harvard.edu,6
Annice,Mintz,13473108,Annice.Mintz@college.harvard.edu,6
Gale,Killigrew,15363331,Gale.Killigrew@college.harvard.edu,6
Lelah,Andrel,13434221,Lelah.Andrel@college.harvard.edu,6
Michaelina,Carri,19940444,Michaelina.Carri@college.harvard.edu,6
Maisey,Olin,17580574,Maisey.Olin@college.harvard.edu,6
Siana,Bahr,11503157,Siana.Bahr@college.harvard.edu,6
Louella,Madox,16677976,Louella.Madox@college.harvard.edu,6
Angela,Shaver,16805573,Angela.Shaver@college.harvard.edu,6
Alyda,Krystle,18964732,Alyda.Krystle@college.harvard.edu,6
Ardys,Merna,11103500,Ardys.Merna@college.harvard.edu,6
Tabbatha,Drisko,18697548,Tabbatha.Drisko@college.harvard.edu,6
Dacia,Gaulin,18459983,Dacia.Gaulin@college.harvard.edu,6
Dorene,Fiester,10533472,Dorene.Fiester@college.harvard.edu,6
Dode,Brieta,11325447,Dode.Brieta@college.harvard.edu,6
Nyssa,Himelman,12791091,Nyssa.Himelman@college.harvard.edu,6
Sidoney,Hanleigh,10368961,Sidoney.Hanleigh@college.harvard.edu,6
Cecile,Thornburg,12951429,Cecile.Thornburg@college.harvard.edu,6
Elie,Braun,15852691,Elie.Braun@college.harvard.edu,6
Lauryn,Rustice,16087399,Lauryn.Rustice@college.harvard.edu,6
Marcelline,Orpah,12368583,Marcelline.Orpah@college.harvard.edu,6
Nessie,Carolin,13598935,Nessie.Carolin@college.harvard.edu,6
Mireielle,Uund,18018755,Mireielle.Uund@college.harvard.edu,6
Bill,Whittaker,17190889,Bill.Whittaker@college.harvard.edu,6
Audrie,Carvey,11480963,Audrie.Carvey@college.harvard.edu,6
Elyssa,Jerold,14735267,Elyssa.Jerold@college.harvard.edu,6
Romona,Calhoun,14938737,Romona.Calhoun@college.harvard.edu,6
Winifred,Michella,11136721,Winifred.Michella@college.harvard.edu,6
Taffy,Tannie,12091752,Taffy.Tannie@college.harvard.edu,6
Charlena,Merat,12169291,Charlena.Merat@college.harvard.edu,6
Fernande,Joachim,16395052,Fernande.Joachim@college.harvard.edu,6
Alyssa,Hoban,17262109,Alyssa.Hoban@college.harvard.edu,6
Lynde,Mathilde,19140405,Lynde.Mathilde@college.harvard.edu,6
Kirstin,Nadia,16686824,Kirstin.Nadia@college.harvard.edu,6
Teriann,Berl,10363305,Teriann.Berl@college.harvard.edu,6
Benita,Ackerley,12274214,Benita.Ackerley@college.harvard.edu,6
Kenna,Docilla,18378220,Kenna.Docilla@college.harvard.edu,6
Lorne,Jorgan,12556706,Lorne.Jorgan@college.harvard.edu,6
Marita,Gino,16725395,Marita.Gino@college.harvard.edu,6
Elise,Vilma,10639670,Elise.Vilma@college.harvard.edu,6
Dania,Casimir,14115304,Dania.Casimir@college.harvard.edu,6
Aurore,Sothena,11939434,Aurore.Sothena@college.harvard.edu,6
Stevana,Lauraine,17552406,Stevana.Lauraine@college.harvard.edu,6
Kary,Imelida,11482330,Kary.Imelida@college.harvard.edu,6
Sharlene,Adalbert,15917034,Sharlene.Adalbert@college.harvard.edu,6
Edyth,Bouchard,19788351,Edyth.Bouchard@college.harvard.edu,6
Riannon,Stanwood,10024217,Riannon.Stanwood@college.harvard.edu,6
Corly,Dash,19327013,Corly.Dash@college.harvard.edu,6
Joane,Hourigan,16156345,Joane.Hourigan@college.harvard.edu,6
Steffane,Joni,18353683,Steffane.Joni@college.harvard.edu,6
Marylou,Loeb,19469043,Marylou.Loeb@college.harvard.edu,6
Marsiella,Amadas,19883735,Marsiella.Amadas@college.harvard.edu,6
Orelia,Drisko,10410477,Orelia.Drisko@college.harvard.edu,6
Ardeen,Jalbert,12295031,Ardeen.Jalbert@college.harvard.edu,6
Laure,Gillan,14893790,Laure.Gillan@college.harvard.edu,6
Jemie,Timon,14390692,Jemie.Timon@college.harvard.edu,6
Minda,Wu,16437665,Minda.Wu@college.harvard.edu,6
Hyacinthe,Kathie,19515566,Hyacinthe.Kathie@college.harvard.edu,6
Patricia,Jess,18736899,Patricia.Jess@college.harvard.edu,6
Raina,Sadowski,11116451,Raina.Sadowski@college.harvard.edu,6
Alisha,Gordon,10221779,Alisha.Gordon@college.harvard.edu,6
Isa,Goerke,12822033,Isa.Goerke@college.harvard.edu,6
Trixi,Colp,13936750,Trixi.Colp@college.harvard.edu,6
Goldie,Loeb,16005620,Goldie.Loeb@college.harvard.edu,6
Sophia,Justinn,19294813,Sophia.Justinn@college.harvard.edu,6
Joeann,Brunell,19862260,Joeann.Brunell@college.harvard.edu,6
Nadine,Emerson,14079268,Nadine.Emerson@college.harvard.edu,6
Nessie,Georgy,18473364,Nessie.Georgy@college.harvard.edu,6
Benita,Read,12250268,Benita.Read@college.harvard.edu,6
Andeee,Ummersen,15992175,Andeee.Ummersen@college.harvard.edu,6
Larine,Valerio,19586179,Larine.Valerio@college.harvard.edu,6
Maud,Gordon,17309557,Maud.Gordon@college.harvard.edu,6
Keelia,Berard,16932321,Keelia.Berard@college.harvard.edu,6
Dianemarie,Kazimir,18044706,Dianemarie.Kazimir@college.harvard.edu,6
Kylynn,Vins,16391868,Kylynn.Vins@college.harvard.edu,6
Madalyn,Emanuel,19277610,Madalyn.Emanuel@college.harvard.edu,6
Gavrielle,Riva,11691853,Gavrielle.Riva@college.harvard.edu,6
Suzette,Cleavland,15899060,Suzette.Cleavland@college.harvard.edu,6
Bernie,Dannye,16610758,Bernie.Dannye@college.harvard.edu,6
Starla,Corilla,13798613,Starla.Corilla@college.harvard.edu,6
Alexine,Torray,10784623,Alexine.Torray@college.harvard.edu,6
Tomasina,Neils,15491093,Tomasina.Neils@college.harvard.edu,6
Diena,Edee,12267490,Diena.Edee@college.harvard.edu,6
Jorry,Holbrook,19036107,Jorry.Holbrook@college.harvard.edu,6
Nollie,Felizio,10647116,Nollie.Felizio@college.harvard.edu,6
Desirae,Travax,14312803,Desirae.Travax@college.harvard.edu,6
Maye,Justinn,17038012,Maye.Justinn@college.harvard.edu,6
Allyce,Torray,15626787,Allyce.Torray@college.harvard.edu,6
Therine,Radu,12583896,Therine.Radu@college.harvard.edu,6
Brietta,Norrie,18432003,Brietta.Norrie@college.harvard.edu,6
Stevana,Orlene,12857917,Stevana.Orlene@college.harvard.edu,6
Andeee,Nance,19193576,Andeee.Nance@college.harvard.edu,6
Emmey,Cleo,12925065,Emmey.Cleo@college.harvard.edu,6
Kathi,Korey,14116501,Kathi.Korey@college.harvard.edu,6
Susette,O'Rourke,15958817,Susette.O'Rourke@college.harvard.edu,6
Robbi,Suk,12603456,Robbi.Suk@college.harvard.edu,6
Dorothy,Pandolfi,19101916,Dorothy.Pandolfi@college.harvard.edu,6
Dorene,Solitta,16469142,Dorene.Solitta@college.harvard.edu,6
Ketti,Cohdwell,19190297,Ketti.Cohdwell@college.harvard.edu,6
Thalia,McLaughlin,12937283,Thalia.McLaughlin@college.harvard.edu,6
Ardeen,Nedrud,11702187,Ardeen.Nedrud@college.harvard.edu,6
Maisey,Torray,15268100,Maisey.Torray@college.harvard.edu,6
Juliane,Eldrid,15647241,Juliane.Eldrid@college.harvard.edu,6
Rebeca,Cullin,14775995,Rebeca.Cullin@college.harvard.edu,6
Maurene,Reneta,15341215,Maurene.Reneta@college.harvard.edu,6
Alejandra,Goldina,14849367,Alejandra.Goldina@college.harvard.edu,6
Farrah,Ariella,18022796,Farrah.Ariella@college.harvard.edu,6
Lelah,Raychel,13536372,Lelah.Raychel@college.harvard.edu,6
Nariko,Marsden,11707944,Nariko.Marsden@college.harvard.edu,6
Jan,Liva,16093870,Jan.Liva@college.harvard.edu,6
Luci,Myrilla,18165262,Luci.Myrilla@college.harvard.edu,6
Tina,Isidore,10302738,Tina.Isidore@college.harvard.edu,6
Nikki,Bobbee,16133910,Nikki.Bobbee@college.harvard.edu,6
Charissa,Garrison,10164177,Charissa.Garrison@college.harvard.edu,6
Anica,Redmond,16156205,Anica.Redmond@college.harvard.edu,6
