Diena,Shama,13777228,Diena.Shama@college.harvard.edu,6
Jaclyn,Flita,18705071,Jaclyn.Flita@college.harvard.edu,6
Melanie,Merna,17144995,Melanie.Merna@college.harvard.edu,6
Yetty,Monaco,14071918,Yetty.Monaco@college.harvard.edu,6
Marti,Alva,15373184,Marti.Alva@college.harvard.edu,6
Carmencita,Drisko,17368711,Carmencita.Drisko@college.harvard.edu,6
Winny,Markman,12461674,Winny.Markman@college.harvard.edu,6
Barbara,Love,13075253,Barbara.Love@college.harvard.edu,6
Jeanna,Isidore,16935372,Jeanna.Isidore@college.harvard.edu,6
Cyb,Rurik,10785022,Cyb.Rurik@college.harvard.edu,6
Morganica,Atcliffe,18171957,Morganica.Atcliffe@college.harvard.edu,6
Charlena,Nedrud,17314209,Charlena.Nedrud@college.harvard.edu,6
Sheree,Plato,16102308,Sheree.Plato@college.harvard.edu,6
Nicoli,Morrill,18458190,Nicoli.Morrill@college.harvard.edu,6
Renie,Cadmar,10999559,Renie.Cadmar@college.harvard.edu,6
Elfreda,Jethro,16322570,Elfreda.Jethro@college.harvard.edu,6
Jsandye,Tamar,18483554,Jsandye.Tamar@college.harvard.edu,6
Randa,Howlyn,10495975,Randa.Howlyn@college.harvard.edu,6
Dulcinea,Septima,13505835,Dulcinea.Septima@college.harvard.edu,6
Nollie,Soneson,11577153,Nollie.Soneson@college.harvard.edu,6
Sybille,Merriott,10431764,Sybille.Merriott@college.harvard.edu,6
Shauna,Docilla,15250156,Shauna.Docilla@college.harvard.edu,6
Phedra,Daegal,14322765,Phedra.Daegal@college.harvard.edu,6
Lorne,Schenck,11660791,Lorne.Schenck@college.harvard.edu,6
Mady,Kunin,16516136,Mady.Kunin@college.harvard.edu,6
Janenna,Colp,15106295,Janenna.Colp@college.harvard.edu,6
Teriann,Sancho,15442589,Teriann.Sancho@college.harvard.edu,6
Bettine,Niccolo,12587420,Bettine.Niccolo@college.harvard.edu,6
Fernande,Nester,16794516,Fernande.Nester@college.harvard.edu,6
Brietta,Bartlett,11396882,Brietta.Bartlett@college.harvard.edu,6
Viki,Dahlia,14758454,Viki.Dahlia@college.harvard.edu,6
Kylynn,Warthman,13782079,Kylynn.Warthman@college.harvard.edu,6
Estell,Swanhildas,15322491,Estell.Swanhildas@college.harvard.edu,6
Atlanta,Elbertina,19463693,Atlanta.Elbertina@college.harvard.edu,6
Agathe,Zachary,10057785,Agathe.Zachary@college.harvard.edu,6
Audrie,Weaks,11069346,Audrie.Weaks@college.harvard.edu,6
Evita,Vary,14410079,Evita.Vary@college.harvard.edu,6
Dale,Ries,15313867,Dale.Ries@college.harvard.edu,6
Sissy,Nerita,11476996,Sissy.Nerita@college.harvard.edu,6
Loree,Damarra,17314349,Loree.Damarra@college.harvard.edu,6
Antonietta,Wenoa,14303360,Antonietta.Wenoa@college.harvard.edu,6
Shauna,Jillane,19604214,Shauna.Jillane@college.harvard.edu,6
Raina,Jammal,13224952,Raina.Jammal@college.harvard.edu,6
Cristabel,Cadmar,14805294,Cristabel.Cadmar@college.harvard.edu,6
Carly,Hebner,11834210,Carly.Hebner@college.harvard.edu,6
Winny,Gerge,16197304,Winny.Gerge@college.harvard.edu,6
Deedee,Dunkin,10220203,Deedee.Dunkin@college.harvard.edu,6
Susan,Grosz,19302731,Susan.Grosz@college.harvard.edu,6
Wanda,Primalia,10595043,Wanda.Primalia@college.harvard.edu,6
Shandie,Kaete,12267475,Shandie.Kaete@college.harvard.edu,6
Jerry,Naor,11001071,Jerry.Naor@college.harvard.edu,6
Kathi,Urania,12496538,Kathi.Urania@college.harvard.edu,6
Daphne,Eliathas,13658434,Daphne.Eliathas@college.harvard.edu,6
Agathe,Janith,15193473,Agathe.Janith@college.harvard.edu,6
Desirae,Schenck,10687802,Desirae.Schenck@college.harvard.edu,6
Ottilie,Jarib,13711019,Ottilie.Jarib@college.harvard.edu,6
Sadie,Morgun,14448844,Sadie.Morgun@college.harvard.edu,6
Dulce,Hoban,16394788,Dulce.Hoban@college.harvard.edu,6
Cindelyn,Holbrook,12951408,Cindelyn.Holbrook@college.harvard.edu,6
Susan,Vittoria,13986225,Susan.Vittoria@college.harvard.edu,6
Edith,Mehalek,10740566,Edith.Mehalek@college.harvard.edu,6
Emilia,Lipson,14973202,Emilia.Lipson@college.harvard.edu,6
Hyacinthe,Gabrielli,18078241,Hyacinthe.Gabrielli@college.harvard.edu,6
Clarice,Blase,11814082,Clarice.Blase@college.harvard.edu,6
Raina,Virgin,12379766,Raina.Virgin@college.harvard.edu,6
Jessy,Andrel,12427820,Jessy.Andrel@college.harvard.edu,6
Benita,Chesna,12792205,Benita.Chesna@college.harvard.edu,6
Tori,Nedrud,17947983,Tori.Nedrud@college.harvard.edu,6
Zia,Cottle,12193417,Zia.Cottle@college.harvard.edu,6
Dorene,Bobbee,19203569,Dorene.Bobbee@college.harvard.edu,6
Eolanda,Peg,19613518,Eolanda.Peg@college.harvard.edu,6
Carmencita,Loeb,13019127,Carmencita.Loeb@college.harvard.edu,6
Corry,Mich,12513879,Corry.Mich@college.harvard.edu,6
Sherrie,Delila,16543911,Sherrie.Delila@college.harvard.edu,6
Joy,Melleta,11851251,Joy.Melleta@college.harvard.edu,6
Alyda,Krystle,18964732,Alyda.Krystle@college.harvard.edu,6
Sheelagh,Rad,10297506,Sheelagh.Rad@college.harvard.edu,6
Monika,Lia,17700227,Monika.Lia@college.harvard.edu,6
Caritta,Fulmer,10041186,Caritta.Fulmer@college.harvard.edu,6
Gabi,Eno,11189874,Gabi.Eno@college.harvard.edu,6
Ethel,Pozzy,19426730,Ethel.Pozzy@college.harvard.edu,6
Heida,Buttaro,13580117,Heida.Buttaro@college.harvard.edu,6
Nita,Millda,17507062,Nita.Millda@college.harvard.edu,6
Ofilia,Llovera,11279515,Ofilia.Llovera@college.harvard.edu,6
Elka,Cristi,11594912,Elka.Cristi@college.harvard.edu,6
Ashlee,Billye,13422910,Ashlee.Billye@college.harvard.edu,6
Jeanna,Ovid,14674361,Jeanna.Ovid@college.harvard.edu,6
Anica,Joachim,15398080,Anica.Joachim@college.harvard.edu,6
Christian,Merell,12367027,Christian.Merell@college.harvard.edu,6
Sophia,Daniele,15288453,Sophia.Daniele@college.harvard.edu,6
Correy,Xerxes,13107323,Correy.Xerxes@college.harvard.edu,6
Lulita,Oster,16701249,Lulita.Oster@college.harvard.edu,6
Halette,Klotz,18782640,Halette.Klotz@college.harvard.edu,6
Gratia,Shanley,10885196,Gratia.Shanley@college.harvard.edu,6
Tami,Anton,11905579,Tami.Anton@college.harvard.edu,6
Ofilia,Taima,18968969,Ofilia.Taima@college.harvard.edu,6
Eugine,Sprage,18949234,Eugine.Sprage@college.harvard.edu,6
Frances,Virgin,13053425,Frances.Virgin@college.harvard.edu,6
Celene,Dearborn,19991874,Celene.Dearborn@college.harvard.edu,6
Merrie,Sprage,19758014,Merrie.Sprage@college.harvard.edu,6
Ivett,Emanuel,11962219,Ivett.Emanuel@college.harvard.edu,6
Beverley,Rurik,13668533,Beverley.Rurik@college.harvard.edu,6
Merci,Bevin,10506308,Merci.Bevin@college.harvard.edu,6
Max,Medrek,17823830,Max.Medrek@college.harvard.edu,6
Zia,Rocray,17918669,Zia.Rocray@college.harvard.edu,6
Kirstin,Stilwell,18754355,Kirstin.Stilwell@college.harvard.edu,6
Lilith,Zaslow,14792609,Lilith.Zaslow@college.harvard.edu,6
Max,Wilkinson,17436077,Max.Wilkinson@college.harvard.edu,6
Marylou,Loeb,19469043,Marylou.Loeb@college.harvard.edu,6
Lila,Blake,11701579,Lila.Blake@college.harvard.edu,6
Delilah,Keelia,10348937,Delilah.Keelia@college.harvard.edu,6
Di,Breed,13105368,Di.Breed@college.harvard.edu,6
Lorie,Brandice,16256693,Lorie.Brandice@college.harvard.edu,6
Veda,Abbot,17930039,Veda.Abbot@college.harvard.edu,6
Lynea,Manolo,12962995,Lynea.Manolo@college.harvard.edu,6
Gale,Yorick,15923521,Gale.Yorick@college.harvard.edu,6
Laure,Tayib,13439816,Laure.Tayib@college.harvard.edu,6
Lauryn,Timon,11998883,Lauryn.Timon@college.harvard.edu,6
Ericka,Harned,12396249,Ericka.Harned@college.harvard.edu,6
Doro,Gilmour,17614378,Doro.Gilmour@college.harvard.edu,6
Melisent,Dichy,19512084,Melisent.Dichy@college.harvard.edu,6
Lita,Daegal,10441522,Lita.Daegal@college.harvard.edu,6
Briney,Raimondo,11783613,Briney.Raimondo@college.harvard.edu,6
Sherrie,Khorma,19338831,Sherrie.Khorma@college.harvard.edu,6
Ketti,Afton,16078392,Ketti.Afton@college.harvard.edu,6
Miquela,Helve,18299466,Miquela.Helve@college.harvard.edu,6
Blinni,Dunkin,18368733,Blinni.Dunkin@college.harvard.edu,6
Corry,Callista,14474055,Corry.Callista@college.harvard.edu,6
Raina,Rosette,10080534,Raina.Rosette@college.harvard.edu,6
Juliane,Sandye,18905167,Juliane.Sandye@college.harvard.edu,6
Madalyn,Emanuel,19277610,Madalyn.Emanuel@college.harvard.edu,6
Gusty,Orlene,16824746,Gusty.Orlene@college.harvard.edu,6
Dari,Demitria,10003659,Dari.Demitria@college.harvard.edu,6
Alie,Vanni,16326680,Alie.Vanni@college.harvard.edu,6
Suzette,Cleavland,15899060,Suzette.Cleavland@college.harvard.edu,6
Jessamyn,Jacobah,11089890,Jessamyn.Jacobah@college.harvard.edu,6
Brena,Alarise,12965357,Brena.Alarise@college.harvard.edu,6
Kimberley,Newell,12425127,Kimberley.Newell@college.harvard.edu,6
Pollyanna,Holtz,18808323,Pollyanna.Holtz@college.harvard.edu,6
Mamie,Beniamino,14915220,Mamie.Beniamino@college.harvard.edu,6
Eolanda,Leler,10657803,Eolanda.Leler@college.harvard.edu,6
Zondra,Kinnard,16018071,Zondra.Kinnard@college.harvard.edu,6
Bernardine,Boycey,16023468,Bernardine.Boycey@college.harvard.edu,6
Ana,Burch,11064056,Ana.Burch@college.harvard.edu,6
Stephanie,Kravits,11417888,Stephanie.Kravits@college.harvard.edu,6
Stevana,Orlene,12857917,Stevana.Orlene@college.harvard.edu,6
Zondra,Helve,15060069,Zondra.Helve@college.harvard.edu,6
Corry,Strephon,10939633,Corry.Strephon@college.harvard.edu,6
Concettina,Klemperer,19145181,Concettina.Klemperer@college.harvard.edu,6
Marinna,Lubin,19679778,Marinna.Lubin@college.harvard.edu,6
Ellette,Skurnik,17920533,Ellette.Skurnik@college.harvard.edu,6
Dawn,Stilwell,17553201,Dawn.Stilwell@college.harvard.edu,6
Leanna,Terencio,10279646,Leanna.Terencio@college.harvard.edu,6
Anestassia,Claudine,11114570,Anestassia.Claudine@college.harvard.edu,6
Marti,Maisey,17171855,Marti.Maisey@college.harvard.edu,6
Audrie,Baptlsta,14111226,Audrie.Baptlsta@college.harvard.edu,6
Evaleen,Ashely,15240424,Evaleen.Ashely@college.harvard.edu,6
Aaren,Torray,12031783,Aaren.Torray@college.harvard.edu,6
Konstance,Talia,18555352,Konstance.Talia@college.harvard.edu,6
Brietta,Allina,19861051,Brietta.Allina@college.harvard.edu,6
Clary,Merat,11186850,Clary.Merat@college.harvard.edu,6
Jan,Elsinore,18874845,Jan.Elsinore@college.harvard.edu,6
Nannie,Doig,11796401,Nannie.Doig@college.harvard.edu,6
Rivalee,Dom,18569603,Rivalee.Dom@college.harvard.edu,6
Etta,Darbie,10556917,Etta.Darbie@college.harvard.edu,6
Paulita,Ogren,13497189,Paulita.Ogren@college.harvard.edu,6
Clarice,Joli,12851512,Clarice.Joli@college.harvard.edu,6
Tilly,Raffo,14504872,Tilly.Raffo@college.harvard.edu,6
Phylis,Koehler,16551520,Phylis.Koehler@college.harvard.edu,6
Regina,Rodmann,17836189,Regina.Rodmann@college.harvard.edu,6
Annecorinne,Cecile,13506041,Annecorinne.Cecile@college.harvard.edu,6
Genovera,Alexandr,13576426,Genovera.Alexandr@college.harvard.edu,6
Robinia,Ellord,10742371,Robinia.Ellord@college.harvard.edu,6
Sidoney,Etom,11008621,Sidoney.Etom@college.harvard.edu,6
Nikki,Bobbee,16133910,Nikki.Bobbee@college.harvard.edu,6
Desirae,Sholley,19475426,Desirae.Sholley@college.harvard.edu,6
Bertine,Avi,15189854,Bertine.Avi@college.harvard.edu,6
Kary,Hurley,19259148,Kary.Hurley@college.harvard.edu,6
Jacquetta,McAdams,11054765,Jacquetta.McAdams@college.harvard.edu,6
Gaylene,Chandler,12192844,Gaylene.Chandler@college.harvard.edu,6
Orsola,Genna,17089264,Orsola.Genna@college.harvard.edu,6
Millie,Reidar,17097091,Millie.Reidar@college.harvard.edu,6
Kate,Selway,11613307,Kate.Selway@college.harvard.edu,6
Marsiella,Edmund,17939908,Marsiella.Edmund@college.harvard.edu,6
Deane,Faria,18144500,Deane.Faria@college.harvard.edu,6
