Ann-Marie,Sherrie,13813311,Ann-Marie.Sherrie@college.harvard.edu,7
Barbi,Fabiola,17888309,Barbi.Fabiola@college.harvard.edu,7
Valera,Pandolfi,15509054,Valera.Pandolfi@college.harvard.edu,7
Celestyna,Annice,16236203,Celestyna.Annice@college.harvard.edu,7
Judy,Kiersten,14471867,Judy.Kiersten@college.harvard.edu,7
Joane,Bouchard,15634642,Joane.Bouchard@college.harvard.edu,7
Ronna,Waldron,17957371,Ronna.Waldron@college.harvard.edu,7
Tersina,Roscoe,10434851,Tersina.Roscoe@college.harvard.edu,7
Kathi,Emmy,13607623,Kathi.Emmy@college.harvard.edu,7
Olwen,Pauly,12585710,Olwen.Pauly@college.harvard.edu,7
Beatriz,Stover,15517463,Beatriz.Stover@college.harvard.edu,7
Laurene,Zenas,16077152,Laurene.Zenas@college.harvard.edu,7
Nickie,Tatianas,10386375,Nickie.Tatianas@college.harvard.edu,7
Elvira,Thema,12627778,Elvira.Thema@college.harvard.edu,7
Vinita,Tristram,17439041,Vinita.Tristram@college.harvard.edu,7
Brena,Kesley,19274804,Brena.Kesley@college.harvard.edu,7
Jan,Killigrew,12211147,Jan.Killigrew@college.harvard.edu,7
Evaleen,Wolfgram,13940303,Evaleen.Wolfgram@college.harvard.edu,7
Tori,Emmaline,14764368,Tori.Emmaline@college.harvard.edu,7
Brandise,Delila,11340377,Brandise.Delila@college.harvard.edu,7
Rosabelle,Lymann,12009571,Rosabelle.Lymann@college.harvard.edu,7
Clary,Stevy,14691987,Clary.Stevy@college.harvard.edu,7
Fayre,Dawkins,12600497,Fayre.Dawkins@college.harvard.edu,7
Jessamyn,Konyn,11424171,Jessamyn.Konyn@college.harvard.edu,7
Shell,Elvyn,18673040,Shell.Elvyn@college.harvard.edu,7
Ardys,Ursulette,19257991,Ardys.Ursulette@college.harvard.edu,7
Doralynne,Baylor,14077800,Doralynne.Baylor@college.harvard.edu,7
Ileana,Michella,14244904,Ileana.Michella@college.harvard.edu,7
Berta,Ade,13418125,Berta.Ade@college.harvard.edu,7
Nananne,O'Carroll,15923124,Nananne.O'Carroll@college.harvard.edu,7
Caressa,Granoff,10940599,Caressa.Granoff@college.harvard.edu,7
Chere,Neva,10493179,Chere.Neva@college.harvard.edu,7
Beatriz,Helve,10348066,Beatriz.Helve@college.harvard.edu,7
Mahalia,Hilbert,15163827,Mahalia.Hilbert@college.harvard.edu,7
Annora,Riva,16776558,Annora.Riva@college.harvard.edu,7
Rubie,Sandye,18111496,Rubie.Sandye@college.harvard.edu,7
Farrah,Persse,15121382,Farrah.Persse@college.harvard.edu,7
Halette,Smitt,16408364,Halette.Smitt@college.harvard.edu,7
Adriana,Joni,13722087,Adriana.Joni@college.harvard.edu,7
Shaylyn,Dermott,15790783,Shaylyn.Dermott@college.harvard.edu,7
Nannie,Kamaria,12036948,Nannie.Kamaria@college.harvard.edu,7
Rhea,Honoria,14749518,Rhea.Honoria@college.harvard.edu,7
Farrah,Kronfeld,13465275,Farrah.Kronfeld@college.harvard.edu,7
Tarra,Hessler,14325727,Tarra.Hessler@college.harvard.edu,7
Lolita,Rheingold,12345849,Lolita.Rheingold@college.harvard.edu,7
Millie,Tound,10802903,Millie.Tound@college.harvard.edu,7
Claudina,Durware,18346597,Claudina.Durware@college.harvard.edu,7
Harmonia,Carri,12627315,Harmonia.Carri@college.harvard.edu,7
Evaleen,Cassius,14474086,Evaleen.Cassius@college.harvard.edu,7
Mireielle,Bury,14284381,Mireielle.Bury@college.harvard.edu,7
Berget,Zamora,16516619,Berget.Zamora@college.harvard.edu,7
Nikki,Norrie,15105613,Nikki.Norrie@college.harvard.edu,7
Zaria,Pascia,17938606,Zaria.Pascia@college.harvard.edu,7
Annabela,Rodmann,17433332,Annabela.Rodmann@college.harvard.edu,7
Letizia,Hartnett,13329529,Letizia.Hartnett@college.harvard.edu,7
Penelopa,Honoria,15128348,Penelopa.Honoria@college.harvard.edu,7
Yvonne,Saint,10591751,Yvonne.Saint@college.harvard.edu,7
Tracey,Auberbach,13068180,Tracey.Auberbach@college.harvard.edu,7
Susette,Guthrie,18506702,Susette.Guthrie@college.harvard.edu,7
Lelah,Andrel,13434221,Lelah.Andrel@college.harvard.edu,7
Karena,Yoko,16626949,Karena.Yoko@college.harvard.edu,7
Ellette,Hoenack,17039533,Ellette.Hoenack@college.harvard.edu,7
Fina,Hull,16052461,Fina.Hull@college.harvard.edu,7
Marcy,Sisile,14867222,Marcy.Sisile@college.harvard.edu,7
Maisey,Olin,17580574,Maisey.Olin@college.harvard.edu,7
Marika,Marisa,16594531,Marika.Marisa@college.harvard.edu,7
Nadine,Jefferey,12412862,Nadine.Jefferey@college.harvard.edu,7
Ketti,Ingra,17136288,Ketti.Ingra@college.harvard.edu,7
Reeba,Oscar,10822005,Reeba.Oscar@college.harvard.edu,7
Corina,Podvin,13673860,Corina.Podvin@college.harvard.edu,7
Tabbatha,Drisko,18697548,Tabbatha.Drisko@college.harvard.edu,7
Vevay,Gaulin,11916162,Vevay.Gaulin@college.harvard.edu,7
Claresta,Ashok,19904763,Claresta.Ashok@college.harvard.edu,7
Antonietta,Naor,10356185,Antonietta.Naor@college.harvard.edu,7
Joeann,Lissi,17239872,Joeann.Lissi@college.harvard.edu,7
Orelia,Ferrell,11048385,Orelia.Ferrell@college.harvard.edu,7
Sissy,MacIntosh,14304968,Sissy.MacIntosh@college.harvard.edu,7
Tamqrah,Dichy,13443411,Tamqrah.Dichy@college.harvard.edu,7
Rivalee,Celestine,15722847,Rivalee.Celestine@college.harvard.edu,7
Lisette,Adalbert,18495589,Lisette.Adalbert@college.harvard.edu,7
Leontine,Aaberg,13067083,Leontine.Aaberg@college.harvard.edu,7
Cissiee,Tomasina,11967282,Cissiee.Tomasina@college.harvard.edu,7
Annecorinne,Hutchison,13738498,Annecorinne.Hutchison@college.harvard.edu,7
Briney,Trace,13702123,Briney.Trace@college.harvard.edu,7
Nananne,Gabrielli,19970181,Nananne.Gabrielli@college.harvard.edu,7
Elka,Chesna,19752647,Elka.Chesna@college.harvard.edu,7
Bettine,Ashok,18828673,Bettine.Ashok@college.harvard.edu,7
Kristan,Jorgan,14820315,Kristan.Jorgan@college.harvard.edu,7
Maye,Carbo,13259741,Maye.Carbo@college.harvard.edu,7
Shel,Moseley,18572227,Shel.Moseley@college.harvard.edu,7
Deane,Auberbach,10805806,Deane.Auberbach@college.harvard.edu,7
Mary,Bultman,15750814,Mary.Bultman@college.harvard.edu,7
Kaia,Tannie,13697726,Kaia.Tannie@college.harvard.edu,7
Gaylene,Duwalt,13838628,Gaylene.Duwalt@college.harvard.edu,7
Gerianna,Ashok,18081379,Gerianna.Ashok@college.harvard.edu,7
Vinita,Jess,18802249,Vinita.Jess@college.harvard.edu,7
Lanna,Thunell,18150730,Lanna.Thunell@college.harvard.edu,7
Benita,Ackerley,12274214,Benita.Ackerley@college.harvard.edu,7
Glenda,Evangelia,10739274,Glenda.Evangelia@college.harvard.edu,7
Kellen,Myrilla,17178720,Kellen.Myrilla@college.harvard.edu,7
Amii,Whiffen,16183903,Amii.Whiffen@college.harvard.edu,7
Verla,Slifka,14567629,Verla.Slifka@college.harvard.edu,7
Violet,Means,17766129,Violet.Means@college.harvard.edu,7
Arlina,Killigrew,13493162,Arlina.Killigrew@college.harvard.edu,7
Tani,Campball,14923327,Tani.Campball@college.harvard.edu,7
Katuscha,Greyson,13538431,Katuscha.Greyson@college.harvard.edu,7
Anica,Gordon,12432567,Anica.Gordon@college.harvard.edu,7
Leona,Tatianas,18715331,Leona.Tatianas@college.harvard.edu,7
Kittie,Michella,11674186,Kittie.Michella@college.harvard.edu,7
Gertrud,Manolo,16416056,Gertrud.Manolo@college.harvard.edu,7
Lanae,Naashom,13950144,Lanae.Naashom@college.harvard.edu,7
Konstance,Delacourt,18649434,Konstance.Delacourt@college.harvard.edu,7
Maye,Haerr,19132153,Maye.Haerr@college.harvard.edu,7
Elbertina,Ackerley,11482719,Elbertina.Ackerley@college.harvard.edu,7
Morganica,Mitzi,16121278,Morganica.Mitzi@college.harvard.edu,7
Drucie,Longfellow,17019998,Drucie.Longfellow@college.harvard.edu,7
Corene,Thomasina,13351823,Corene.Thomasina@college.harvard.edu,7
Dulce,Carey,13061838,Dulce.Carey@college.harvard.edu,7
Sara-Ann,Gregrory,13244934,Sara-Ann.Gregrory@college.harvard.edu,7
Henriette,Carlson,17471568,Henriette.Carlson@college.harvard.edu,7
Ekaterina,Hubert,10486356,Ekaterina.Hubert@college.harvard.edu,7
Aimil,LaRue,13801988,Aimil.LaRue@college.harvard.edu,7
Merle,Goerke,18805793,Merle.Goerke@college.harvard.edu,7
Jsandye,Brandice,17074487,Jsandye.Brandice@college.harvard.edu,7
Nessie,Georgy,18473364,Nessie.Georgy@college.harvard.edu,7
Zondra,Chauncey,18287341,Zondra.Chauncey@college.harvard.edu,7
Blake,Harl,14163696,Blake.Harl@college.harvard.edu,7
Bobbi,Mendez,11782836,Bobbi.Mendez@college.harvard.edu,7
Ivett,Andrel,18757525,Ivett.Andrel@college.harvard.edu,7
Larine,Valerio,19586179,Larine.Valerio@college.harvard.edu,7
Rosanne,Amethist,10610282,Rosanne.Amethist@college.harvard.edu,7
Maud,Gordon,17309557,Maud.Gordon@college.harvard.edu,7
Trixi,Nickola,19310477,Trixi.Nickola@college.harvard.edu,7
Hayley,Thomasina,14250593,Hayley.Thomasina@college.harvard.edu,7
Kylynn,Vins,16391868,Kylynn.Vins@college.harvard.edu,7
Ottilie,Johnsson,19616157,Ottilie.Johnsson@college.harvard.edu,7
Sashenka,Voletta,19458733,Sashenka.Voletta@college.harvard.edu,7
Yvonne,Friede,12443357,Yvonne.Friede@college.harvard.edu,7
Larine,Evangelia,14956814,Larine.Evangelia@college.harvard.edu,7
Darci,Dorine,15480212,Darci.Dorine@college.harvard.edu,7
Marguerite,Annabella,14188209,Marguerite.Annabella@college.harvard.edu,7
Neila,Suk,11474238,Neila.Suk@college.harvard.edu,7
Ilse,Rona,12708712,Ilse.Rona@college.harvard.edu,7
Blake,Mendez,11792955,Blake.Mendez@college.harvard.edu,7
Starla,Carri,17058857,Starla.Carri@college.harvard.edu,7
Helena,Pauly,10952914,Helena.Pauly@college.harvard.edu,7
Arabel,Anton,17609591,Arabel.Anton@college.harvard.edu,7
Glynnis,Alrich,16101525,Glynnis.Alrich@college.harvard.edu,7
Britte,Greenwald,15592959,Britte.Greenwald@college.harvard.edu,7
Ginnie,Gunn,15626505,Ginnie.Gunn@college.harvard.edu,7
Claresta,Adlare,19932243,Claresta.Adlare@college.harvard.edu,7
Hollie,Teryn,19937443,Hollie.Teryn@college.harvard.edu,7
Iseabal,Land,15815392,Iseabal.Land@college.harvard.edu,7
Ketti,Cohdwell,19190297,Ketti.Cohdwell@college.harvard.edu,7
Thalia,McLaughlin,12937283,Thalia.McLaughlin@college.harvard.edu,7
Fayre,Erich,15748763,Fayre.Erich@college.harvard.edu,7
Myrtice,Standing,19608294,Myrtice.Standing@college.harvard.edu,7
Sara-Ann,Granoff,15624180,Sara-Ann.Granoff@college.harvard.edu,7
Dagmar,Ralfston,12534837,Dagmar.Ralfston@college.harvard.edu,7
Bobinette,Gale,16366790,Bobinette.Gale@college.harvard.edu,7
Lelah,Raychel,13536372,Lelah.Raychel@college.harvard.edu,7
Joy,Dielu,16119039,Joy.Dielu@college.harvard.edu,7
Kristan,Newell,19604869,Kristan.Newell@college.harvard.edu,7
Chandra,Garlinda,16932813,Chandra.Garlinda@college.harvard.edu,7
Latisha,Verger,19686138,Latisha.Verger@college.harvard.edu,7
Cathie,Bettine,12998855,Cathie.Bettine@college.harvard.edu,7
Teriann,Raseda,13881261,Teriann.Raseda@college.harvard.edu,7
Elora,Haerr,11676178,Elora.Haerr@college.harvard.edu,7
Sheelagh,Adamsen,18459894,Sheelagh.Adamsen@college.harvard.edu,7
Noelle,Mozelle,12677312,Noelle.Mozelle@college.harvard.edu,7
Jsandye,Raseda,10487563,Jsandye.Raseda@college.harvard.edu,7
Julieta,Remmer,10462950,Julieta.Remmer@college.harvard.edu,7
Liana,Redmond,12845395,Liana.Redmond@college.harvard.edu,7
Ariela,Robertson,14099607,Ariela.Robertson@college.harvard.edu,7
Jobi,Creamer,18169826,Jobi.Creamer@college.harvard.edu,7
Adelle,Nea,13071744,Adelle.Nea@college.harvard.edu,7
Tina,Isidore,10302738,Tina.Isidore@college.harvard.edu,7
Ayn,Yuille,14836415,Ayn.Yuille@college.harvard.edu,7
Heida,Colleen,11451119,Heida.Colleen@college.harvard.edu,7
Nicoli,Sholley,17218018,Nicoli.Sholley@college.harvard.edu,7
Anica,Redmond,16156205,Anica.Redmond@college.harvard.edu,7
Imojean,Rad,13287914,Imojean.Rad@college.harvard.edu,7
Viki,Lucienne,11379809,Viki.Lucienne@college.harvard.edu,7
Atlanta,Ax,12834470,Atlanta.Ax@college.harvard.edu,7
Judy,Merell,10991251,Judy.Merell@college.harvard.edu,7
Jillayne,Gillan,13366343,Jillayne.Gillan@college.harvard.edu,7
Gretal,Muriel,17593926,Gretal.Muriel@college.harvard.edu,7
