Carolina,Ummersen,12399079,Carolina.Ummersen@college.harvard.edu,7
Moyna,Dorothy,12556187,Moyna.Dorothy@college.harvard.edu,7
Sue,Oneida,16223298,Sue.Oneida@college.harvard.edu,7
Inga,Bow,15657083,Inga.Bow@college.harvard.edu,7
Ana,Scammon,10701460,Ana.Scammon@college.harvard.edu,7
Fidelia,Cherianne,14073512,Fidelia.Cherianne@college.harvard.edu,7
Ronna,Loring,12850713,Ronna.Loring@college.harvard.edu,7
Lolita,Harday,18802346,Lolita.Harday@college.harvard.edu,7
Lanae,Nore,12433872,Lanae.Nore@college.harvard.edu,7
Eugine,Carbo,13790515,Eugine.Carbo@college.harvard.edu,7
Siana,Valoniah,10971840,Siana.Valoniah@college.harvard.edu,7
Marcy,Sharl,11533090,Marcy.Sharl@college.harvard.edu,7
Emmey,Bryna,19613038,Emmey.Bryna@college.harvard.edu,7
Alia,Ax,18292267,Alia.Ax@college.harvard.edu,7
Linet,Rosette,17390813,Linet.Rosette@college.harvard.edu,7
Olivette,Sprage,12803689,Olivette.Sprage@college.harvard.edu,7
Sara-Ann,Leopold,14818968,Sara-Ann.Leopold@college.harvard.edu,7
Tressa,Roscoe,18800777,Tressa.Roscoe@college.harvard.edu,7
Raf,Alice,14741315,Raf.Alice@college.harvard.edu,7
Benita,Joli,10084672,Benita.Joli@college.harvard.edu,7
Teriann,Sancho,15442589,Teriann.Sancho@college.harvard.edu,7
Rosanne,Pierette,14774090,Rosanne.Pierette@college.harvard.edu,7
Marguerite,Uird,10617958,Marguerite.Uird@college.harvard.edu,7
Brietta,Bartlett,11396882,Brietta.Bartlett@college.harvard.edu,7
Dotty,Dex,16624239,Dotty.Dex@college.harvard.edu,7
Jacenta,Lory,14648651,Jacenta.Lory@college.harvard.edu,7
Jerry,Adamsen,13635100,Jerry.Adamsen@college.harvard.edu,7
Ottilie,Pond,19601509,Ottilie.Pond@college.harvard.edu,7
Ellette,Ellord,17926648,Ellette.Ellord@college.harvard.edu,7
Justinn,Mallon,18157448,Justinn.Mallon@college.harvard.edu,7
Ann-Marie,Eldrid,17484776,Ann-Marie.Eldrid@college.harvard.edu,7
Michaelina,Decato,16556965,Michaelina.Decato@college.harvard.edu,7
Leia,Nance,17649524,Leia.Nance@college.harvard.edu,7
Roberta,Truc,10732636,Roberta.Truc@college.harvard.edu,7
Frieda,O'Rourke,17981599,Frieda.O'Rourke@college.harvard.edu,7
Laure,Aloise,13243090,Laure.Aloise@college.harvard.edu,7
Belva,Hylan,15664126,Belva.Hylan@college.harvard.edu,7
Dale,Ries,15313867,Dale.Ries@college.harvard.edu,7
Deane,Malvino,15124670,Deane.Malvino@college.harvard.edu,7
Anica,Yusuk,17348593,Anica.Yusuk@college.harvard.edu,7
Raina,Jammal,13224952,Raina.Jammal@college.harvard.edu,7
Renie,Heisel,15944090,Renie.Heisel@college.harvard.edu,7
Josephine,Grosz,10004157,Josephine.Grosz@college.harvard.edu,7
Adore,Cynar,13732698,Adore.Cynar@college.harvard.edu,7
Dale,Blake,19847603,Dale.Blake@college.harvard.edu,7
Cam,Rodmann,14523012,Cam.Rodmann@college.harvard.edu,7
Codie,Gregrory,15673708,Codie.Gregrory@college.harvard.edu,7
Wilma,Kamaria,14830012,Wilma.Kamaria@college.harvard.edu,7
Krystle,Vins,16731455,Krystle.Vins@college.harvard.edu,7
Romona,Gilbertson,19250888,Romona.Gilbertson@college.harvard.edu,7
Millie,Johanna,14217321,Millie.Johanna@college.harvard.edu,7
Henriette,Manolo,10578825,Henriette.Manolo@college.harvard.edu,7
Cyndie,Flita,14725651,Cyndie.Flita@college.harvard.edu,7
Elfreda,Roarke,17265644,Elfreda.Roarke@college.harvard.edu,7
Nannie,Kamaria,12036948,Nannie.Kamaria@college.harvard.edu,7
Lita,Jalbert,16737782,Lita.Jalbert@college.harvard.edu,7
Valli,Lattie,16073877,Valli.Lattie@college.harvard.edu,7
Ilse,Zetta,13378562,Ilse.Zetta@college.harvard.edu,7
Desirae,Schenck,10687802,Desirae.Schenck@college.harvard.edu,7
Sadie,Morgun,14448844,Sadie.Morgun@college.harvard.edu,7
Fred,Malina,11351426,Fred.Malina@college.harvard.edu,7
Drucie,Karylin,18703631,Drucie.Karylin@college.harvard.edu,7
Romona,Merna,15036450,Romona.Merna@college.harvard.edu,7
Vere,Gibbeon,19183260,Vere.Gibbeon@college.harvard.edu,7
Susette,Tillford,15143150,Susette.Tillford@college.harvard.edu,7
Berget,Zamora,16516619,Berget.Zamora@college.harvard.edu,7
Gilligan,Hanshaw,14960727,Gilligan.Hanshaw@college.harvard.edu,7
Arlina,Chabot,14578894,Arlina.Chabot@college.harvard.edu,7
Mariann,Ellord,19579544,Mariann.Ellord@college.harvard.edu,7
Elie,Dearborn,15995500,Elie.Dearborn@college.harvard.edu,7
Benita,Chesna,12792205,Benita.Chesna@college.harvard.edu,7
Fina,Brandice,16502184,Fina.Brandice@college.harvard.edu,7
Lily,Peti,18072190,Lily.Peti@college.harvard.edu,7
Ellette,Hoenack,17039533,Ellette.Hoenack@college.harvard.edu,7
Lesly,Anastatius,12162096,Lesly.Anastatius@college.harvard.edu,7
Harrietta,Belanger,18810351,Harrietta.Belanger@college.harvard.edu,7
Marika,Marisa,16594531,Marika.Marisa@college.harvard.edu,7
Roberta,Vary,19231132,Roberta.Vary@college.harvard.edu,7
Reeba,Oscar,10822005,Reeba.Oscar@college.harvard.edu,7
Karlee,Schonfeld,19820706,Karlee.Schonfeld@college.harvard.edu,7
Vevay,Gaulin,11916162,Vevay.Gaulin@college.harvard.edu,7
Antonietta,Naor,10356185,Antonietta.Naor@college.harvard.edu,7
Sissy,MacIntosh,14304968,Sissy.MacIntosh@college.harvard.edu,7
Roz,Kendrick,14379726,Roz.Kendrick@college.harvard.edu,7
Marita,Montgomery,19055511,Marita.Montgomery@college.harvard.edu,7
Paulita,Alejoa,13375162,Paulita.Alejoa@college.harvard.edu,7
Alameda,Gino,13595522,Alameda.Gino@college.harvard.edu,7
Lita,Tarrant,11960175,Lita.Tarrant@college.harvard.edu,7
Tamqrah,Sawtelle,19692961,Tamqrah.Sawtelle@college.harvard.edu,7
Joy,Niccolo,11570154,Joy.Niccolo@college.harvard.edu,7
Annecorinne,Hutchison,13738498,Annecorinne.Hutchison@college.harvard.edu,7
Nollie,Magnolia,10407725,Nollie.Magnolia@college.harvard.edu,7
Ellette,Smitt,17830000,Ellette.Smitt@college.harvard.edu,7
Helsa,Haymes,17757959,Helsa.Haymes@college.harvard.edu,7
Moyna,Suanne,12365512,Moyna.Suanne@college.harvard.edu,7
Elise,Brenn,19168815,Elise.Brenn@college.harvard.edu,7
Latisha,Gaal,13773440,Latisha.Gaal@college.harvard.edu,7
Fanny,Screens,17319473,Fanny.Screens@college.harvard.edu,7
Melanie,Hirsch,11238922,Melanie.Hirsch@college.harvard.edu,7
Wanda,Minetta,10852699,Wanda.Minetta@college.harvard.edu,7
Nannie,Guthrie,10524332,Nannie.Guthrie@college.harvard.edu,7
Mary,Bultman,15750814,Mary.Bultman@college.harvard.edu,7
Viviene,Mallon,15424002,Viviene.Mallon@college.harvard.edu,7
Kaia,Tannie,13697726,Kaia.Tannie@college.harvard.edu,7
Heida,Rosemary,14467497,Heida.Rosemary@college.harvard.edu,7
Alejandra,Jehu,19470574,Alejandra.Jehu@college.harvard.edu,7
Eugine,Sprage,18949234,Eugine.Sprage@college.harvard.edu,7
Gaylene,Duwalt,13838628,Gaylene.Duwalt@college.harvard.edu,7
Allis,Fabiola,13054759,Allis.Fabiola@college.harvard.edu,7
Gabi,Nicoline,14732082,Gabi.Nicoline@college.harvard.edu,7
Letizia,Carlson,12333137,Letizia.Carlson@college.harvard.edu,7
Celene,Dearborn,19991874,Celene.Dearborn@college.harvard.edu,7
Heida,Ummersen,14631515,Heida.Ummersen@college.harvard.edu,7
Clementine,Kolnick,17224003,Clementine.Kolnick@college.harvard.edu,7
Basia,Tamar,16679035,Basia.Tamar@college.harvard.edu,7
Beverley,Rurik,13668533,Beverley.Rurik@college.harvard.edu,7
Rochette,Evangelia,11486913,Rochette.Evangelia@college.harvard.edu,7
Theodora,Codding,13131373,Theodora.Codding@college.harvard.edu,7
Allis,Teryn,15453404,Allis.Teryn@college.harvard.edu,7
Merci,Bevin,10506308,Merci.Bevin@college.harvard.edu,7
Nicoli,Baudin,17305866,Nicoli.Baudin@college.harvard.edu,7
Leona,Tatianas,18715331,Leona.Tatianas@college.harvard.edu,7
Melisent,Danby,17656632,Melisent.Danby@college.harvard.edu,7
Cacilie,Reinke,15016735,Cacilie.Reinke@college.harvard.edu,7
Robinia,Hoenack,10783596,Robinia.Hoenack@college.harvard.edu,7
Joceline,Egbert,14683955,Joceline.Egbert@college.harvard.edu,7
Monika,Anton,10999000,Monika.Anton@college.harvard.edu,7
Leona,Raychel,19810764,Leona.Raychel@college.harvard.edu,7
Gertrud,Manolo,16416056,Gertrud.Manolo@college.harvard.edu,7
Joleen,Dahlia,19618259,Joleen.Dahlia@college.harvard.edu,7
Paule,Madox,19133819,Paule.Madox@college.harvard.edu,7
Belinda,Burnside,18589792,Belinda.Burnside@college.harvard.edu,7
Dennie,Earlie,11474722,Dennie.Earlie@college.harvard.edu,7
Jsandye,Alisia,10783625,Jsandye.Alisia@college.harvard.edu,7
Genevra,Hoban,10988421,Genevra.Hoban@college.harvard.edu,7
Atlanta,Cornelia,13594129,Atlanta.Cornelia@college.harvard.edu,7
Gianina,Wu,12880517,Gianina.Wu@college.harvard.edu,7
Maye,Zrike,15673590,Maye.Zrike@college.harvard.edu,7
Thalia,Hull,12070102,Thalia.Hull@college.harvard.edu,7
Joelly,Fulmer,10615641,Joelly.Fulmer@college.harvard.edu,7
Demetris,Knowling,15704164,Demetris.Knowling@college.harvard.edu,7
Siana,Hermes,18178860,Siana.Hermes@college.harvard.edu,7
Shandie,Ovid,17742716,Shandie.Ovid@college.harvard.edu,7
Romona,Demitria,19907914,Romona.Demitria@college.harvard.edu,7
Sybille,Seessel,16966292,Sybille.Seessel@college.harvard.edu,7
Lucy,Brenn,10052457,Lucy.Brenn@college.harvard.edu,7
Ketti,Afton,16078392,Ketti.Afton@college.harvard.edu,7
Kylynn,Plato,18464685,Kylynn.Plato@college.harvard.edu,7
Shaylyn,Demitria,13995873,Shaylyn.Demitria@college.harvard.edu,7
Raina,Rosette,10080534,Raina.Rosette@college.harvard.edu,7
Jany,Greenwald,14945773,Jany.Greenwald@college.harvard.edu,7
Melodie,Natalia,10147953,Melodie.Natalia@college.harvard.edu,7
Andree,Leary,18442680,Andree.Leary@college.harvard.edu,7
Ulrike,Teddman,15652039,Ulrike.Teddman@college.harvard.edu,7
Maye,Urania,19791159,Maye.Urania@college.harvard.edu,7
Annabela,Kirbee,16716633,Annabela.Kirbee@college.harvard.edu,7
Vere,Delila,12164288,Vere.Delila@college.harvard.edu,7
Fred,Oscar,11868156,Fred.Oscar@college.harvard.edu,7
Renae,Rheingold,12349951,Renae.Rheingold@college.harvard.edu,7
Camile,Brodench,13484826,Camile.Brodench@college.harvard.edu,7
Laurene,Lamoree,19857961,Laurene.Lamoree@college.harvard.edu,7
Ruthe,Malvino,10021515,Ruthe.Malvino@college.harvard.edu,7
Chrystel,Pozzy,17641228,Chrystel.Pozzy@college.harvard.edu,7
Ursulina,Deny,13606343,Ursulina.Deny@college.harvard.edu,7
Catrina,Honoria,10506474,Catrina.Honoria@college.harvard.edu,7
Basia,Elsinore,15094239,Basia.Elsinore@college.harvard.edu,7
Demetris,Bertold,17777816,Demetris.Bertold@college.harvard.edu,7
Emmey,Rona,15608509,Emmey.Rona@college.harvard.edu,7
Justinn,Papageno,13205422,Justinn.Papageno@college.harvard.edu,7
Aaren,Torray,12031783,Aaren.Torray@college.harvard.edu,7
Malina,Bonilla,10078311,Malina.Bonilla@college.harvard.edu,7
Myrtice,Standing,19608294,Myrtice.Standing@college.harvard.edu,7
Pearline,Kaja,14368835,Pearline.Kaja@college.harvard.edu,7
Britni,Tybald,10439068,Britni.Tybald@college.harvard.edu,7
Aurore,Martsen,18671855,Aurore.Martsen@college.harvard.edu,7
Fawne,Sigfrid,11903270,Fawne.Sigfrid@college.harvard.edu,7
Marti,Orpah,12030548,Marti.Orpah@college.harvard.edu,7
Lila,Sinegold,19159524,Lila.Sinegold@college.harvard.edu,7
Lynde,Judye,13912241,Lynde.Judye@college.harvard.edu,7
Paulita,Felizio,12402678,Paulita.Felizio@college.harvard.edu,7
Suzette,Etom,18230466,Suzette.Etom@college.harvard.edu,7
Fina,Hoban,19667123,Fina.Hoban@college.harvard.edu,7
Latisha,Even,18843429,Latisha.Even@college.harvard.edu,7
Ekaterina,Donoghue,10558401,Ekaterina.Donoghue@college.harvard.edu,7
Robinia,Ellord,10742371,Robinia.Ellord@college.harvard.edu,7
Monika,Gilbertson,17032612,Monika.Gilbertson@college.harvard.edu,7
Renae,Wittie,14464888,Renae.Wittie@college.harvard.edu,7
Judy,Merell,10991251,Judy.Merell@college.harvard.edu,7
Kalina,Carlson,19727831,Kalina.Carlson@college.harvard.edu,7
