Deirdre,Ioab,11777577,Deirdre.Ioab@college.harvard.edu,8
Fredericka,Lane,12958619,Fredericka.Lane@college.harvard.edu,8
Merci,Louanna,14261672,Merci.Louanna@college.harvard.edu,8
Eve,Guthrie,14490284,Eve.Guthrie@college.harvard.edu,8
Barbara,Love,13075253,Barbara.Love@college.harvard.edu,8
Kary,Kamaria,18903342,Kary.Kamaria@college.harvard.edu,8
Barbi,Fabiola,17888309,Barbi.Fabiola@college.harvard.edu,8
Celestyna,Annice,16236203,Celestyna.Annice@college.harvard.edu,8
Robinia,Shirberg,15304763,Robinia.Shirberg@college.harvard.edu,8
Sophia,Lasley,14992235,Sophia.Lasley@college.harvard.edu,8
Keelia,Tippets,18861408,Keelia.Tippets@college.harvard.edu,8
Randa,Howlyn,10495975,Randa.Howlyn@college.harvard.edu,8
Misha,Tengdin,12095147,Misha.Tengdin@college.harvard.edu,8
Odessa,Ricarda,14005932,Odessa.Ricarda@college.harvard.edu,8
Kristan,Standing,19728411,Kristan.Standing@college.harvard.edu,8
Tybie,Roumell,19703610,Tybie.Roumell@college.harvard.edu,8
Hermione,Valerio,12033707,Hermione.Valerio@college.harvard.edu,8
Kylynn,Garbe,11890866,Kylynn.Garbe@college.harvard.edu,8
Orelia,Diann,16575256,Orelia.Diann@college.harvard.edu,8
Nerta,Maroney,14711834,Nerta.Maroney@college.harvard.edu,8
Chloris,Dyche,19984627,Chloris.Dyche@college.harvard.edu,8
Julieta,Sheng,14858247,Julieta.Sheng@college.harvard.edu,8
Jasmina,Ader,14429841,Jasmina.Ader@college.harvard.edu,8
Genevra,Harriman,17355758,Genevra.Harriman@college.harvard.edu,8
Tracey,Ammann,17612272,Tracey.Ammann@college.harvard.edu,8
Lorne,Boehike,11213265,Lorne.Boehike@college.harvard.edu,8
Adriana,McClimans,16487544,Adriana.McClimans@college.harvard.edu,8
Nelle,Cassius,12046452,Nelle.Cassius@college.harvard.edu,8
Constance,Gilbertson,19270895,Constance.Gilbertson@college.harvard.edu,8
Raquela,Lenny,18924933,Raquela.Lenny@college.harvard.edu,8
Merle,Ioab,19055556,Merle.Ioab@college.harvard.edu,8
Reeba,Wyn,18793626,Reeba.Wyn@college.harvard.edu,8
Fredericka,Emanuel,16334739,Fredericka.Emanuel@college.harvard.edu,8
Clary,Stevy,14691987,Clary.Stevy@college.harvard.edu,8
Nollie,Clie,12582290,Nollie.Clie@college.harvard.edu,8
Fred,Stuart,16955982,Fred.Stuart@college.harvard.edu,8
Marline,Myrilla,15466072,Marline.Myrilla@college.harvard.edu,8
Rosabelle,Haerr,14713897,Rosabelle.Haerr@college.harvard.edu,8
Julieta,Dash,12116605,Julieta.Dash@college.harvard.edu,8
Teddie,Anestassia,13867822,Teddie.Anestassia@college.harvard.edu,8
Bobinette,Jagir,17701556,Bobinette.Jagir@college.harvard.edu,8
Jessy,Rodmann,11879077,Jessy.Rodmann@college.harvard.edu,8
Melisent,Xerxes,15057567,Melisent.Xerxes@college.harvard.edu,8
Lacie,Phyllis,18497809,Lacie.Phyllis@college.harvard.edu,8
Halette,Smitt,16408364,Halette.Smitt@college.harvard.edu,8
Modestia,Hollingsworth,10118286,Modestia.Hollingsworth@college.harvard.edu,8
Oona,Flita,11679528,Oona.Flita@college.harvard.edu,8
Jany,Yuille,14300562,Jany.Yuille@college.harvard.edu,8
Shandie,Kronfeld,16293724,Shandie.Kronfeld@college.harvard.edu,8
Florencia,Marlie,11345702,Florencia.Marlie@college.harvard.edu,8
Esmeralda,Swanhildas,18090887,Esmeralda.Swanhildas@college.harvard.edu,8
Kimmy,Erb,16700176,Kimmy.Erb@college.harvard.edu,8
Aeriela,Tannie,13806999,Aeriela.Tannie@college.harvard.edu,8
Elka,Sikorski,17302491,Elka.Sikorski@college.harvard.edu,8
Andree,Roche,19632846,Andree.Roche@college.harvard.edu,8
Dari,Paton,15473564,Dari.Paton@college.harvard.edu,8
Emma,Braun,16996166,Emma.Braun@college.harvard.edu,8
Monika,Gilbertson,11513013,Monika.Gilbertson@college.harvard.edu,8
Corina,Corrine,15181216,Corina.Corrine@college.harvard.edu,8
Felice,Suk,13357726,Felice.Suk@college.harvard.edu,8
Henriette,Orelee,12796359,Henriette.Orelee@college.harvard.edu,8
Susette,Guthrie,18506702,Susette.Guthrie@college.harvard.edu,8
Ermengarde,Justinn,18096914,Ermengarde.Justinn@college.harvard.edu,8
Edith,Olnee,18043093,Edith.Olnee@college.harvard.edu,8
Dotty,Ciapas,18158965,Dotty.Ciapas@college.harvard.edu,8
Roslyn,Wolfgram,18296515,Roslyn.Wolfgram@college.harvard.edu,8
Danika,Lucienne,17678732,Danika.Lucienne@college.harvard.edu,8
Odessa,Oriana,17680275,Odessa.Oriana@college.harvard.edu,8
Monika,Lia,17700227,Monika.Lia@college.harvard.edu,8
Gertrud,Erminia,16255096,Gertrud.Erminia@college.harvard.edu,8
Leontine,Othilia,15282868,Leontine.Othilia@college.harvard.edu,8
Maisey,Cosenza,18204275,Maisey.Cosenza@college.harvard.edu,8
Calla,Carvey,18820580,Calla.Carvey@college.harvard.edu,8
Tiffie,Lacombe,11269300,Tiffie.Lacombe@college.harvard.edu,8
Joeann,Lissi,17239872,Joeann.Lissi@college.harvard.edu,8
Lanna,Ax,12109866,Lanna.Ax@college.harvard.edu,8
Jenda,Morrill,16764648,Jenda.Morrill@college.harvard.edu,8
Augustine,Bach,12695960,Augustine.Bach@college.harvard.edu,8
Nicoli,Tjon,11093265,Nicoli.Tjon@college.harvard.edu,8
Babita,Sinegold,18677649,Babita.Sinegold@college.harvard.edu,8
Camile,Blake,13873764,Camile.Blake@college.harvard.edu,8
Cam,Isacco,14001758,Cam.Isacco@college.harvard.edu,8
Linet,Michella,17202190,Linet.Michella@college.harvard.edu,8
Beth,Lane,13794991,Beth.Lane@college.harvard.edu,8
Leontine,Aaberg,13067083,Leontine.Aaberg@college.harvard.edu,8
Sophia,Daniele,15288453,Sophia.Daniele@college.harvard.edu,8
Emma,Skell,11081268,Emma.Skell@college.harvard.edu,8
Claudina,Pauly,15098675,Claudina.Pauly@college.harvard.edu,8
Courtnay,Maribeth,17165659,Courtnay.Maribeth@college.harvard.edu,8
Maye,Carbo,13259741,Maye.Carbo@college.harvard.edu,8
Gabi,Rhu,18198334,Gabi.Rhu@college.harvard.edu,8
Sharlene,Gillan,15414309,Sharlene.Gillan@college.harvard.edu,8
Bibby,Lowry,14671785,Bibby.Lowry@college.harvard.edu,8
Melisent,Montgomery,18277128,Melisent.Montgomery@college.harvard.edu,8
Clarice,Ackerley,11203148,Clarice.Ackerley@college.harvard.edu,8
Hermione,Virgin,15598950,Hermione.Virgin@college.harvard.edu,8
Melanie,Harl,15691180,Melanie.Harl@college.harvard.edu,8
Kenna,Devlen,18048791,Kenna.Devlen@college.harvard.edu,8
Ricky,Florina,14441717,Ricky.Florina@college.harvard.edu,8
Linzy,Toor,19141102,Linzy.Toor@college.harvard.edu,8
Camile,Jaylene,17882248,Camile.Jaylene@college.harvard.edu,8
Albertina,Greenwald,12251500,Albertina.Greenwald@college.harvard.edu,8
Patricia,Katrine,16383270,Patricia.Katrine@college.harvard.edu,8
Glenda,Evangelia,10739274,Glenda.Evangelia@college.harvard.edu,8
Kellen,Myrilla,17178720,Kellen.Myrilla@college.harvard.edu,8
Augustine,Thomasina,12515035,Augustine.Thomasina@college.harvard.edu,8
Pearline,Iphlgenia,12410742,Pearline.Iphlgenia@college.harvard.edu,8
Marsiella,Luhe,19570569,Marsiella.Luhe@college.harvard.edu,8
Claudina,Clara,15834642,Claudina.Clara@college.harvard.edu,8
Rayna,Fillbert,13150470,Rayna.Fillbert@college.harvard.edu,8
Konstance,Berl,10749924,Konstance.Berl@college.harvard.edu,8
Johna,Eiser,14713629,Johna.Eiser@college.harvard.edu,8
Zia,Rocray,17918669,Zia.Rocray@college.harvard.edu,8
Brooks,Clie,18343796,Brooks.Clie@college.harvard.edu,8
Larine,Cleo,19399426,Larine.Cleo@college.harvard.edu,8
Maye,Haerr,19132153,Maye.Haerr@college.harvard.edu,8
Claudina,Clarissa,15184049,Claudina.Clarissa@college.harvard.edu,8
Genevra,Tice,19054888,Genevra.Tice@college.harvard.edu,8
Morganica,Mitzi,16121278,Morganica.Mitzi@college.harvard.edu,8
Rosanne,Ajay,16461573,Rosanne.Ajay@college.harvard.edu,8
Vanessa,Persse,14567035,Vanessa.Persse@college.harvard.edu,8
Dode,Jarib,13718637,Dode.Jarib@college.harvard.edu,8
Steffane,Cassius,18739767,Steffane.Cassius@college.harvard.edu,8
Gretal,Berne,12116363,Gretal.Berne@college.harvard.edu,8
Noelle,Desai,15465784,Noelle.Desai@college.harvard.edu,8
Dode,Anastatius,17753686,Dode.Anastatius@college.harvard.edu,8
Carly,Gregrory,11196802,Carly.Gregrory@college.harvard.edu,8
Merle,Justinn,18652311,Merle.Justinn@college.harvard.edu,8
Carolina,Chobot,11395518,Carolina.Chobot@college.harvard.edu,8
Paule,Mehalek,19181706,Paule.Mehalek@college.harvard.edu,8
Laure,Destinee,13016701,Laure.Destinee@college.harvard.edu,8
Cristabel,Cristi,10754464,Cristabel.Cristi@college.harvard.edu,8
Blinni,Strephon,13206825,Blinni.Strephon@college.harvard.edu,8
Gianina,Mitzi,12312524,Gianina.Mitzi@college.harvard.edu,8
Florencia,Reidar,17684673,Florencia.Reidar@college.harvard.edu,8
Addia,Jacobah,15984284,Addia.Jacobah@college.harvard.edu,8
Teriann,Lucienne,19638455,Teriann.Lucienne@college.harvard.edu,8
Aili,Berl,14282080,Aili.Berl@college.harvard.edu,8
Maye,Tufts,18398005,Maye.Tufts@college.harvard.edu,8
Jsandye,Brandice,17074487,Jsandye.Brandice@college.harvard.edu,8
Gwenneth,Oneida,17942029,Gwenneth.Oneida@college.harvard.edu,8
Carol-Jean,Carey,12701460,Carol-Jean.Carey@college.harvard.edu,8
Briney,Raimondo,11783613,Briney.Raimondo@college.harvard.edu,8
Raina,August,18986264,Raina.August@college.harvard.edu,8
Olivette,Aldric,17357122,Olivette.Aldric@college.harvard.edu,8
Dari,Demitria,10003659,Dari.Demitria@college.harvard.edu,8
Cyndie,Elisha,11637919,Cyndie.Elisha@college.harvard.edu,8
Vanessa,Tayib,13596624,Vanessa.Tayib@college.harvard.edu,8
Estell,Roscoe,11583296,Estell.Roscoe@college.harvard.edu,8
Larine,Evangelia,14956814,Larine.Evangelia@college.harvard.edu,8
Pollyanna,Holtz,18808323,Pollyanna.Holtz@college.harvard.edu,8
Veda,Angelis,17373645,Veda.Angelis@college.harvard.edu,8
Dacia,Uund,13834833,Dacia.Uund@college.harvard.edu,8
Sara-Ann,Wittie,19478760,Sara-Ann.Wittie@college.harvard.edu,8
Aaren,Ashely,12020784,Aaren.Ashely@college.harvard.edu,8
Cam,Manolo,14940273,Cam.Manolo@college.harvard.edu,8
Daune,Torray,10765583,Daune.Torray@college.harvard.edu,8
Andree,Halla,14029177,Andree.Halla@college.harvard.edu,8
Caryl,Rustice,16521803,Caryl.Rustice@college.harvard.edu,8
Sherrie,Anselmi,10852333,Sherrie.Anselmi@college.harvard.edu,8
Alie,Tybald,14250354,Alie.Tybald@college.harvard.edu,8
Anestassia,Claudine,11114570,Anestassia.Claudine@college.harvard.edu,8
Abbie,Mich,11327673,Abbie.Mich@college.harvard.edu,8
Alia,Audly,11579133,Alia.Audly@college.harvard.edu,8
Loree,Ingra,18682611,Loree.Ingra@college.harvard.edu,8
Kamilah,Dex,17490516,Kamilah.Dex@college.harvard.edu,8
Barbara,Izaak,11720047,Barbara.Izaak@college.harvard.edu,8
Jasmina,Joeann,17828548,Jasmina.Joeann@college.harvard.edu,8
Sheelagh,Adamsen,18459894,Sheelagh.Adamsen@college.harvard.edu,8
Gretal,Carvey,12341371,Gretal.Carvey@college.harvard.edu,8
Liana,Redmond,12845395,Liana.Redmond@college.harvard.edu,8
Liana,Lissi,13911474,Liana.Lissi@college.harvard.edu,8
Bertine,Avi,15189854,Bertine.Avi@college.harvard.edu,8
Viki,Lucienne,11379809,Viki.Lucienne@college.harvard.edu,8
Angelique,Briney,14065940,Angelique.Briney@college.harvard.edu,8
Orsola,Genna,17089264,Orsola.Genna@college.harvard.edu,8
