Diena,Shama,13777228,Diena.Shama@college.harvard.edu,10
Zondra,Cadmar,12486497,Zondra.Cadmar@college.harvard.edu,10
Collen,Garek,17585948,Collen.Garek@college.harvard.edu,10
Keelia,Ricki,11961947,Keelia.Ricki@college.harvard.edu,10
Patricia,Schalles,11917293,Patricia.Schalles@college.harvard.edu,10
Lizzie,Brunell,11196935,Lizzie.Brunell@college.harvard.edu,10
Chickie,Chandler,17953550,Chickie.Chandler@college.harvard.edu,10
Agathe,Maribeth,10512634,Agathe.Maribeth@college.harvard.edu,10
Willetta,Lay,10596364,Willetta.Lay@college.harvard.edu,10
Olwen,Pauly,12585710,Olwen.Pauly@college.harvard.edu,10
Donnie,Mata,11161830,Donnie.Mata@college.harvard.edu,10
Kittie,Seumas,17227745,Kittie.Seumas@college.harvard.edu,10
Agathe,Zachary,10057785,Agathe.Zachary@college.harvard.edu,10
Vevay,Sancho,15364919,Vevay.Sancho@college.harvard.edu,10
Carol-Jean,Eno,15376129,Carol-Jean.Eno@college.harvard.edu,10
Dale,Podvin,15623256,Dale.Podvin@college.harvard.edu,10
Valeda,Fiester,14512673,Valeda.Fiester@college.harvard.edu,10
Kary,Valerio,17362838,Kary.Valerio@college.harvard.edu,10
Louella,Eachern,11791568,Louella.Eachern@college.harvard.edu,10
Betta,Cullin,14207386,Betta.Cullin@college.harvard.edu,10
Tarra,Emmy,19126333,Tarra.Emmy@college.harvard.edu,10
Lila,Bergman,18979745,Lila.Bergman@college.harvard.edu,10
Hannis,Huggins,18598141,Hannis.Huggins@college.harvard.edu,10
Blake,Fredi,12897689,Blake.Fredi@college.harvard.edu,10
Rubie,Sandye,18111496,Rubie.Sandye@college.harvard.edu,10
Berget,Charity,14398281,Berget.Charity@college.harvard.edu,10
Consuela,Haerr,13072923,Consuela.Haerr@college.harvard.edu,10
Alameda,Pozzy,11272947,Alameda.Pozzy@college.harvard.edu,10
Hyacinthe,Ardeha,10077366,Hyacinthe.Ardeha@college.harvard.edu,10
Esmeralda,Nikaniki,16722854,Esmeralda.Nikaniki@college.harvard.edu,10
Shaine,Meli,15484522,Shaine.Meli@college.harvard.edu,10
Sharlene,Carolin,12191886,Sharlene.Carolin@college.harvard.edu,10
Lolita,Rheingold,12345849,Lolita.Rheingold@college.harvard.edu,10
Xylina,Even,13230029,Xylina.Even@college.harvard.edu,10
Corina,Khorma,18801221,Corina.Khorma@college.harvard.edu,10
Sherrie,Brenn,18386637,Sherrie.Brenn@college.harvard.edu,10
Amelia,Westphal,18233684,Amelia.Westphal@college.harvard.edu,10
Cassandra,Durante,19700216,Cassandra.Durante@college.harvard.edu,10
Claudina,Durware,18346597,Claudina.Durware@college.harvard.edu,10
Marinna,Parette,16140510,Marinna.Parette@college.harvard.edu,10
Ketti,Tiffa,15469152,Ketti.Tiffa@college.harvard.edu,10
Harmonia,Carri,12627315,Harmonia.Carri@college.harvard.edu,10
Rani,Suk,18378409,Rani.Suk@college.harvard.edu,10
Edith,Mehalek,10740566,Edith.Mehalek@college.harvard.edu,10
Yolane,Modie,11562119,Yolane.Modie@college.harvard.edu,10
Dulcinea,Erskine,10629135,Dulcinea.Erskine@college.harvard.edu,10
Harmonia,Norrie,17792981,Harmonia.Norrie@college.harvard.edu,10
Desirae,Meli,12816224,Desirae.Meli@college.harvard.edu,10
Paulita,Saunderson,11296242,Paulita.Saunderson@college.harvard.edu,10
Myriam,Freddi,19696593,Myriam.Freddi@college.harvard.edu,10
Annecorinne,Vacuva,12371132,Annecorinne.Vacuva@college.harvard.edu,10
Kaja,Raimondo,13394970,Kaja.Raimondo@college.harvard.edu,10
Layla,Wiener,10342857,Layla.Wiener@college.harvard.edu,10
Regina,Konyn,19542595,Regina.Konyn@college.harvard.edu,10
Mara,Armanda,14824470,Mara.Armanda@college.harvard.edu,10
Gale,Diann,19396408,Gale.Diann@college.harvard.edu,10
Sybille,Regan,12826053,Sybille.Regan@college.harvard.edu,10
Mathilda,McLaughlin,18552273,Mathilda.McLaughlin@college.harvard.edu,10
Ursulina,Konyn,17700701,Ursulina.Konyn@college.harvard.edu,10
Odessa,Oster,19803879,Odessa.Oster@college.harvard.edu,10
Elbertina,Whiffen,16091423,Elbertina.Whiffen@college.harvard.edu,10
Teddie,Maribeth,16391554,Teddie.Maribeth@college.harvard.edu,10
Tybie,Wareing,11565176,Tybie.Wareing@college.harvard.edu,10
Stephanie,Ioab,14589385,Stephanie.Ioab@college.harvard.edu,10
Orelia,Ferrell,11048385,Orelia.Ferrell@college.harvard.edu,10
Max,Carlson,14259569,Max.Carlson@college.harvard.edu,10
Ashlee,Billye,13422910,Ashlee.Billye@college.harvard.edu,10
Cordi,Dielu,12974748,Cordi.Dielu@college.harvard.edu,10
Clo,Bohlin,17435892,Clo.Bohlin@college.harvard.edu,10
Iseabal,Constancy,10160090,Iseabal.Constancy@college.harvard.edu,10
Annaliese,Fadiman,19413059,Annaliese.Fadiman@college.harvard.edu,10
Cyndie,Moseley,16706284,Cyndie.Moseley@college.harvard.edu,10
Kathy,Lea,11961180,Kathy.Lea@college.harvard.edu,10
Lulita,Oster,16701249,Lulita.Oster@college.harvard.edu,10
Shel,Moseley,18572227,Shel.Moseley@college.harvard.edu,10
Kristan,Warthman,19397944,Kristan.Warthman@college.harvard.edu,10
Elyssa,Linehan,19552669,Elyssa.Linehan@college.harvard.edu,10
Almeta,Cullin,16172880,Almeta.Cullin@college.harvard.edu,10
Dolli,Cordi,11469644,Dolli.Cordi@college.harvard.edu,10
Justinn,Marisa,18463184,Justinn.Marisa@college.harvard.edu,10
Camile,Ciro,18579615,Camile.Ciro@college.harvard.edu,10
Elka,Urias,19584824,Elka.Urias@college.harvard.edu,10
Kial,Amethist,11965031,Kial.Amethist@college.harvard.edu,10
Suzette,Eno,10626114,Suzette.Eno@college.harvard.edu,10
Nikki,Schonfeld,18809260,Nikki.Schonfeld@college.harvard.edu,10
Ermengarde,Bartlett,15322110,Ermengarde.Bartlett@college.harvard.edu,10
Diena,Raama,17544865,Diena.Raama@college.harvard.edu,10
Willetta,Rolf,14855118,Willetta.Rolf@college.harvard.edu,10
Allyce,Jeanne,17995375,Allyce.Jeanne@college.harvard.edu,10
Caryl,Leler,16651088,Caryl.Leler@college.harvard.edu,10
Louella,Tannie,12941265,Louella.Tannie@college.harvard.edu,10
Orelia,Lutero,14764404,Orelia.Lutero@college.harvard.edu,10
Stacey,Buckler,18733779,Stacey.Buckler@college.harvard.edu,10
Raina,Hailee,14270773,Raina.Hailee@college.harvard.edu,10
Anica,Gordon,12432567,Anica.Gordon@college.harvard.edu,10
Kassey,Reneta,17949649,Kassey.Reneta@college.harvard.edu,10
Minne,Smitt,10510155,Minne.Smitt@college.harvard.edu,10
Steffane,Lacombe,13376740,Steffane.Lacombe@college.harvard.edu,10
Gabriellia,Dyche,17931888,Gabriellia.Dyche@college.harvard.edu,10
Lilith,Zaslow,14792609,Lilith.Zaslow@college.harvard.edu,10
Drucie,Longfellow,17019998,Drucie.Longfellow@college.harvard.edu,10
Corene,Thomasina,13351823,Corene.Thomasina@college.harvard.edu,10
Jeanna,Sothena,12179921,Jeanna.Sothena@college.harvard.edu,10
Fernande,Garlinda,14571916,Fernande.Garlinda@college.harvard.edu,10
Violet,Ursulette,10169386,Violet.Ursulette@college.harvard.edu,10
Roslyn,Donoghue,18187787,Roslyn.Donoghue@college.harvard.edu,10
Cherilyn,Lesley,10192776,Cherilyn.Lesley@college.harvard.edu,10
Paule,Nunci,13114505,Paule.Nunci@college.harvard.edu,10
Feliza,McNully,11725282,Feliza.McNully@college.harvard.edu,10
Ginnie,Karl,15686139,Ginnie.Karl@college.harvard.edu,10
Agathe,Teryn,14948498,Agathe.Teryn@college.harvard.edu,10
Cecile,Hutchison,11435244,Cecile.Hutchison@college.harvard.edu,10
Darlleen,Garbe,13157058,Darlleen.Garbe@college.harvard.edu,10
Ellette,Rozanna,14317018,Ellette.Rozanna@college.harvard.edu,10
Gerianna,Ehrman,13809131,Gerianna.Ehrman@college.harvard.edu,10
Laure,Tayib,13439816,Laure.Tayib@college.harvard.edu,10
Cherilyn,Stav,14011216,Cherilyn.Stav@college.harvard.edu,10
Johna,Aldric,10853350,Johna.Aldric@college.harvard.edu,10
Esmeralda,Geffner,10847135,Esmeralda.Geffner@college.harvard.edu,10
Averyl,Saunderson,19820846,Averyl.Saunderson@college.harvard.edu,10
Cristabel,Milson,19252522,Cristabel.Milson@college.harvard.edu,10
Blinni,Dunkin,18368733,Blinni.Dunkin@college.harvard.edu,10
Karina,Macey,11006938,Karina.Macey@college.harvard.edu,10
Marnia,Phi,13810155,Marnia.Phi@college.harvard.edu,10
Madelle,Nikaniki,11264406,Madelle.Nikaniki@college.harvard.edu,10
Adele,Gaal,12531900,Adele.Gaal@college.harvard.edu,10
Sean,Remmer,10100627,Sean.Remmer@college.harvard.edu,10
Tatiania,Lauraine,13852694,Tatiania.Lauraine@college.harvard.edu,10
Demetris,Grosz,16722374,Demetris.Grosz@college.harvard.edu,10
Elena,Erskine,13191157,Elena.Erskine@college.harvard.edu,10
Gusty,Tryck,13366608,Gusty.Tryck@college.harvard.edu,10
Elvira,Sophronia,10448144,Elvira.Sophronia@college.harvard.edu,10
Blake,Mendez,11792955,Blake.Mendez@college.harvard.edu,10
Britni,Ailyn,12534872,Britni.Ailyn@college.harvard.edu,10
Nyssa,Ovid,16125984,Nyssa.Ovid@college.harvard.edu,10
Jenda,Maples,11626795,Jenda.Maples@college.harvard.edu,10
Helena,Pauly,10952914,Helena.Pauly@college.harvard.edu,10
Lynea,Nikaniki,13410137,Lynea.Nikaniki@college.harvard.edu,10
Jessamyn,Wadell,19237850,Jessamyn.Wadell@college.harvard.edu,10
Concettina,Klemperer,19145181,Concettina.Klemperer@college.harvard.edu,10
Aigneis,Michella,19558498,Aigneis.Michella@college.harvard.edu,10
Bee,Mallon,13634956,Bee.Mallon@college.harvard.edu,10
Evaleen,Ashely,15240424,Evaleen.Ashely@college.harvard.edu,10
Iseabal,Land,15815392,Iseabal.Land@college.harvard.edu,10
Konstance,Talia,18555352,Konstance.Talia@college.harvard.edu,10
Ursulina,Belanger,18234916,Ursulina.Belanger@college.harvard.edu,10
Chandra,Garlinda,16932813,Chandra.Garlinda@college.harvard.edu,10
Lanna,Kaja,10324447,Lanna.Kaja@college.harvard.edu,10
Fanny,Peg,12661749,Fanny.Peg@college.harvard.edu,10
Ketti,Yorick,14552309,Ketti.Yorick@college.harvard.edu,10
Jobi,Creamer,18169826,Jobi.Creamer@college.harvard.edu,10
Dolli,Euridice,14268919,Dolli.Euridice@college.harvard.edu,10
Desirae,Sholley,19475426,Desirae.Sholley@college.harvard.edu,10
Catrina,Adlare,14406501,Catrina.Adlare@college.harvard.edu,10
Lonnie,Blisse,14330413,Lonnie.Blisse@college.harvard.edu,10
Jeanna,Gordon,18251154,Jeanna.Gordon@college.harvard.edu,10
Lynea,Israeli,17410167,Lynea.Israeli@college.harvard.edu,10
Marsiella,Edmund,17939908,Marsiella.Edmund@college.harvard.edu,10
Deane,Faria,18144500,Deane.Faria@college.harvard.edu,10
